"label","text"
"ham","Go until jurong point, crazy.. Available only in bugis n great world la e buffet... Cine there got amore wat..."
"spam","Free entry in 2 a wkly comp to win FA Cup final tkts 21st May 2005. Text FA to 87121 to receive entry question(std txt rate)T&C's apply 08452810075over18's"
"ham","Nah I don't think he goes to usf, he lives around here though"
"spam","FreeMsg Hey there darling it's been 3 week's now and no word back! I'd like some fun you up for it still? Tb ok! XxX std chgs to send, £1.50 to rcv"
"spam","WINNER!! As a valued network customer you have been selected to receivea £900 prize reward! To claim call 09061701461. Claim code KL341. Valid 12 hours only."
"spam","Had your mobile 11 months or more? U R entitled to Update to the latest colour mobiles with camera for Free! Call The Mobile Update Co FREE on 08002986030"
"spam","SIX chances to win CASH! From 100 to 20,000 pounds txt> CSH11 and send to 87575. Cost 150p/day, 6days, 16+ TsandCs apply Reply HL 4 info"
"spam","URGENT! You have won a 1 week FREE membership in our £100,000 Prize Jackpot! Txt the word: CLAIM to No: 81010 T&C www.dbuk.net LCCLTD POBOX 4403LDNW1A7RW18"
"spam","XXXMobileMovieClub: To use your credit, click the WAP link in the next txt message or click here>> http://wap. xxxmobilemovieclub.com?n=QJKGIGHJJGCBL"
"spam","England v Macedonia - dont miss the goals/team news. Txt ur national team to 87077 eg ENGLAND to 87077 Try:WALES, SCOTLAND 4txt/ú1.20 POBOXox36504W45WQ 16+"
"ham","Ffffffffff. Alright no way I can meet up with you sooner?"
"spam","Thanks for your subscription to Ringtone UK your mobile will be charged £5/month Please confirm by replying YES or NO. If you reply NO you will not be charged"
"ham","Yup... Ok i go home look at the timings then i msg ü again... Xuhui going to learn on 2nd may too but her lesson is at 8am"
"ham","Hello! How's you and how did saturday go? I was just texting to see if you'd decided to do anything tomo. Not that i'm trying to invite myself or anything!"
"spam","07732584351 - Rodger Burns - MSG = We tried to call you re your reply to our sms for a free nokia mobile + free camcorder. Please call now 08000930705 for delivery tomorrow"
"ham","Great! I hope you like your man well endowed. I am  &lt;#&gt;  inches..."
"ham","Didn't you get hep b immunisation in nigeria."
"ham","Yeah hopefully, if tyler can't do it I could maybe ask around a bit"
"ham","What you thinked about me. First time you saw me in class."
"ham","Wow. I never realized that you were so embarassed by your accomodations. I thought you liked it, since i was doing the best i could and you always seemed so happy about ""the cave"". I'm sorry I didn't and don't have more to give. I'm sorry i offered. I'm sorry your room was so embarassing."
"spam","SMS. ac Sptv: The New Jersey Devils and the Detroit Red Wings play Ice Hockey. Correct or Incorrect? End? Reply END SPTV"
"ham","Do you know what Mallika Sherawat did yesterday? Find out now @  &lt;URL&gt;"
"spam","Congrats! 1 year special cinema pass for 2 is yours. call 09061209465 now! C Suprman V, Matrix3, StarWars3, etc all 4 FREE! bx420-ip4-5we. 150pm. Dont miss out!"
"ham","Sorry, I'll call later in meeting."
"ham","Yes..gauti and sehwag out of odi series."
"ham","Your gonna have to pick up a $1 burger for yourself on your way home. I can't even move. Pain is killing me."
"ham","Sorry my roommates took forever, it ok if I come by now?"
"spam","As a valued customer, I am pleased to advise you that following recent review of your Mob No. you are awarded with a £1500 Bonus Prize, call 09066364589"
"spam","Urgent UR awarded a complimentary trip to EuroDisinc Trav, Aco&Entry41 Or £1000. To claim txt DIS to 87121 18+6*£1.50(moreFrmMob. ShrAcomOrSglSuplt)10, LS1 3AJ"
"spam","Did you hear about the new ""Divorce Barbie""? It comes with all of Ken's stuff!"
"ham","Wah lucky man... Then can save money... Hee..."
"ham","Yup next stop."
"ham","I call you later, don't have network. If urgnt, sms me."
"ham","Ela kano.,il download, come wen ur free.."
"ham","Yeah do! Don‘t stand to close tho- you‘ll catch something!"
"ham","Sorry to be a pain. Is it ok if we meet another night? I spent late afternoon in casualty and that means i haven't done any of y stuff42moro and that includes all my time sheets and that. Sorry."
"spam","Please call our customer service representative on 0800 169 6031 between 10am-9pm as you have WON a guaranteed £1000 cash or £5000 prize!"
"ham","Havent planning to buy later. I check already lido only got 530 show in e afternoon. U finish work already?"
"spam","Your free ringtone is waiting to be collected. Simply text the password ""MIX"" to 85069 to verify. Get Usher and Britney. FML, PO Box 5249, MK17 92H. 450Ppw 16"
"ham","Watching telugu movie..wat abt u?"
"ham","I see a cup of coffee animation"
"ham","Umma my life and vava umma love you lot dear"
"ham","Thanks a lot for your wishes on my birthday. Thanks you for making my birthday truly memorable."
"ham","What is the plural of the noun research?"
"spam","GENT! We are trying to contact you. Last weekends draw shows that you won a £1000 prize GUARANTEED. Call 09064012160. Claim Code K52. Valid 12hrs only. 150ppm"
"spam","You are a winner U have been specially selected 2 receive £1000 or a 4* holiday (flights inc) speak to a live operator 2 claim 0871277810910p/min (18+)"
"spam","PRIVATE! Your 2004 Account Statement for 07742676969 shows 786 unredeemed Bonus Points. To claim call 08719180248 Identifier Code: 45239 Expires"
"spam","URGENT! Your Mobile No. was awarded £2000 Bonus Caller Prize on 5/9/03 This is our final try to contact U! Call from Landline 09064019788 BOX42WR29C, 150PPM"
"ham","here is my new address -apples&pairs&all that malarky"
"spam","Todays Voda numbers ending 7548 are selected to receive a $350 award. If you have a match please call 08712300220 quoting claim code 4041 standard rates app"
"spam","Sunshine Quiz Wkly Q! Win a top Sony DVD player if u know which country the Algarve is in? Txt ansr to 82277. £1.50 SP:Tyrone"
"spam","Want 2 get laid tonight? Want real Dogging locations sent direct 2 ur mob? Join the UK's largest Dogging Network bt Txting GRAVEL to 69888! Nt. ec2a. 31p.msg@150p"
"spam","You'll not rcv any more msgs from the chat svc. For FREE Hardcore services text GO to: 69988 If u get nothing u must Age Verify with yr network & try again"
"ham","Sir, Waiting for your mail."
"ham","I know you are. Can you pls open the back?"
"spam","FreeMsg Why haven't you replied to my text? I'm Randy, sexy, female and live local. Luv to hear from u. Netcollex Ltd 08700621170150p per msg reply Stop to end"
"spam","Customer service annoncement. You have a New Years delivery waiting for you. Please call 07046744435 now to arrange delivery"
"spam","You are a winner U have been specially selected 2 receive £1000 cash or a 4* holiday (flights inc) speak to a live operator 2 claim 0871277810810"
"ham","Keep yourself safe for me because I need you and I miss you already and I envy everyone that see's you in real life"
"spam","-PLS STOP bootydelious (32/F) is inviting you to be her friend. Reply YES-434 or NO-434 See her: www.SMS.ac/u/bootydelious STOP? Send STOP FRND to 62468"
"spam","BangBabes Ur order is on the way. U SHOULD receive a Service Msg 2 download UR content. If U do not, GoTo wap. bangb. tv on UR mobile internet/service menu"
"ham","I place all ur points on e cultures module already."
"spam","URGENT! We are trying to contact you. Last weekends draw shows that you have won a £900 prize GUARANTEED. Call 09061701939. Claim code S89. Valid 12hrs only"
"ham","Great escape. I fancy the bridge but needs her lager. See you tomo"
"ham","Sir, I need AXIS BANK account no and bank address."
"ham","Hmmm.. Thk sure got time to hop ard... Ya, can go 4 free abt... Muz call u to discuss liao..."
"ham","What time you coming down later?"
"ham","Bloody hell, cant believe you forgot my surname Mr . Ill give u a clue, its spanish and begins with m..."
"ham","You lifted my hopes with the offer of money. I am in need. Especially when the end of the month approaches and it hurts my studying. Anyways have a gr8 weekend"
"ham","Lol no. U can trust me."
"ham","He will, you guys close?"
"ham","Going on nothing great.bye"
"spam","Please call our customer service representative on FREEPHONE 0808 145 4742 between 9am-11pm as you have WON a guaranteed £1000 cash or £5000 prize!"
"ham","I jus reached home. I go bathe first. But my sis using net tell u when she finishes k..."
"spam","Are you unique enough? Find out from 30th August. www.areyouunique.co.uk"
"ham","Hi :)finally i completed the course:)"
"ham","How are you doing? Hope you've settled in for the new school year. Just wishin you a gr8 day"
"ham","Did u got that persons story"
"ham","is your hamster dead? Hey so tmr i meet you at 1pm orchard mrt?"
"ham","As I entered my cabin my PA said, '' Happy B'day Boss !!''. I felt special. She askd me 4 lunch. After lunch she invited me to her apartment. We went there."
"ham","Both :) i shoot big loads so get ready!"
"ham","Yup... How ü noe leh..."
"ham","Sounds great! Are you home now?"
"ham","Tired. I haven't slept well the past few nights."
"ham","Sorry, I'll call later"
"spam","500 New Mobiles from 2004, MUST GO! Txt: NOKIA to No: 89545 & collect yours today!From ONLY £1 www.4-tc.biz 2optout 087187262701.50gbp/mtmsg18"
"ham","Would really appreciate if you call me. Just need someone to talk to."
"spam","Will u meet ur dream partner soon? Is ur career off 2 a flyng start? 2 find out free, txt HORO followed by ur star sign, e. g. HORO ARIES"
"ham","Life is more strict than teacher... Bcoz Teacher teaches lesson &amp; then conducts exam, But Life first conducts Exam &amp; then teaches Lessons. Happy morning. . ."
"ham","Dear we are going to our rubber place"
"ham","Yes:)here tv is always available in work place.."
"spam","Text & meet someone sexy today. U can find a date or even flirt its up to U. Join 4 just 10p. REPLY with NAME & AGE eg Sam 25. 18 -msg recd@thirtyeight pence"
"ham","I have printed it oh. So  &lt;#&gt;  come upstairs"
"ham","Or ill be a little closer like at the bus stop on the same street"
"ham","New Theory: Argument wins d SITUATION, but loses the PERSON. So dont argue with ur friends just.. . . . kick them &amp; say, I'm always correct.!"
"spam","U 447801259231 have a secret admirer who is looking 2 make contact with U-find out who they R*reveal who thinks UR so special-call on 09058094597"
"spam","Congratulations ur awarded 500 of CD vouchers or 125gift guaranteed & Free entry 2 100 wkly draw txt MUSIC to 87066 TnCs www.Ldew.com1win150ppmx3age16"
"ham","Ranjith cal drpd Deeraj and deepak 5min hold"
"ham","What you doing?how are you?"
"ham","Ups which is 3days also, and the shipping company that takes 2wks. The other way is usps which takes a week but when it gets to lag you may have to bribe nipost to get your stuff."
"ham","Mmm so yummy babe ... Nice jolt to the suzy"
"spam","We tried to contact you re your reply to our offer of a Video Handset? 750 anytime networks mins? UNLIMITED TEXT? Camcorder? Reply or call 08000930705 NOW"
"ham","Yup"
"ham","Anyway i'm going shopping on my own now. Cos my sis not done yet. Dun disturb u liao."
"spam","Hey I am really horny want to chat or see me naked text hot to 69698 text charged at 150pm to unsubscribe text stop 69698"
"spam","Ur ringtone service has changed! 25 Free credits! Go to club4mobiles.com to choose content now! Stop? txt CLUB STOP to 87070. 150p/wk Club4 PO Box1146 MK45 2WT"
"spam","Ringtone Club: Get the UK singles chart on your mobile each week and choose any top quality ringtone! This message is free of charge."
"spam","HMV BONUS SPECIAL 500 pounds of genuine HMV vouchers to be won. Just answer 4 easy questions. Play Now! Send HMV to 86688 More info:www.100percent-real.com"
"ham","Usf I guess, might as well take 1 car"
"ham","Thanx..."
"ham","Ok. I asked for money how far"
"ham","Okie..."
"ham","Hey you told your name to gautham ah?"
"ham","Oops. 4 got that bit."
"spam","T-Mobile customer you may now claim your FREE CAMERA PHONE upgrade & a pay & go sim card for your loyalty. Call on 0845 021 3680.Offer ends 28thFeb.T&C's apply"
"ham","I cant pick the phone right now. Pls send a message"
"ham","Awesome, I remember the last time we got somebody high for the first time with diesel :V"
"ham","Shit that is really shocking and scary, cant imagine for a second. Def up for night out. Do u think there is somewhere i could crash for night, save on taxi?"
"spam","SMS. ac Blind Date 4U!: Rodds1 is 21/m from Aberdeen, United Kingdom. Check Him out http://img. sms. ac/W/icmb3cktz8r7!-4 no Blind Dates send HIDE"
"spam","TheMob> Check out our newest selection of content, Games, Tones, Gossip, babes and sport, Keep your mobile fit and funky text WAP to 82468"
"spam","Think ur smart ? Win £200 this week in our weekly quiz, text PLAY to 85222 now!T&Cs WinnersClub PO BOX 84, M26 3UZ. 16+. GBP1.50/week"
"ham","You made my day. Do have a great day too."
"ham","K.k:)advance happy pongal."
"spam","December only! Had your mobile 11mths+? You are entitled to update to the latest colour camera mobile for Free! Call The Mobile Update Co FREE on 08002986906"
"ham","cud u tell ppl im gona b a bit l8 cos 2 buses hav gon past cos they were full & im still waitin 4 1. Pete x"
"ham","That would be great. We'll be at the Guild. Could meet on Bristol road or somewhere - will get in touch over weekend. Our plans take flight! Have a good week"
"ham","No calls..messages..missed calls"
"spam","Call Germany for only 1 pence per minute! Call from a fixed line via access number 0844 861 85 85. No prepayment. Direct access!"
"spam","Valentines Day Special! Win over £1000 in our quiz and take your partner on the trip of a lifetime! Send GO to 83600 now. 150p/msg rcvd. CustCare:08718720201."
"ham","Ta-Daaaaa! I am home babe, are you still up ?"
"ham","Sorry, I'll call later"
"ham","U calling me right? Call my hand phone..."
"ham","Where u been hiding stranger?"
"ham","One small prestige problem now."
"spam","Fancy a shag? I do.Interested? sextextuk.com txt XXUK SUZY to 69876. Txts cost 1.50 per msg. TnCs on website. X"
"ham","TODAY is Sorry day.! If ever i was angry with you, if ever i misbehaved or hurt you? plz plz JUST SLAP URSELF Bcoz, Its ur fault, I'm basically GOOD"
"ham","Yo you guys ever figure out how much we need for alcohol? Jay and I are trying to figure out how much we can safely spend on weed"
"spam","Congratulations ur awarded 500 of CD vouchers or 125gift guaranteed & Free entry 2 100 wkly draw txt MUSIC to 87066 TnCs www.Ldew.com1win150ppmx3age16"
"spam","Ur cash-balance is currently 500 pounds - to maximize ur cash-in now send CASH to 86688 only 150p/msg. CC: 08708800282 HG/Suite342/2Lands Row/W1J6HL"
"ham","Check audrey's status right now"
"ham","Well i know Z will take care of me. So no worries."
"spam","Update_Now - Xmas Offer! Latest Motorola, SonyEricsson & Nokia & FREE Bluetooth! Double Mins & 1000 Txt on Orange. Call MobileUpd8 on 08000839402 or call2optout/F4Q="
"spam","Here is your discount code RP176781. To stop further messages reply stop. www.regalportfolio.co.uk. Customer Services 08717205546"
"ham","Cool, text me when you're ready"
"ham","I will spoil you in bed as well :)"
"ham","I'm going for bath will msg you next  &lt;#&gt;  min.."
"spam","Thanks for your Ringtone Order, Reference T91. You will be charged GBP 4 per week. You can unsubscribe at anytime by calling customer services on 09057039994"
"ham","Well there's not a lot of things happening in Lindsay on New years *sighs* Some bars in Ptbo and the blue heron has something going"
"ham","I guess that's why you re worried. You must know that there's a way the body repairs itself. And i'm quite sure you shouldn't worry. We'll take it slow. First the tests, they will guide when your ovulation is then just relax. Nothing you've said is a reason to worry but i.ll keep on followin you up."
"ham","Yeah sure, give me a couple minutes to track down my wallet"
"ham","Hey leave it. not a big deal:-) take care."
"ham","Hey i will be late ah... Meet you at 945+"
"spam","Double mins and txts 4 6months FREE Bluetooth on Orange. Available on Sony, Nokia Motorola phones. Call MobileUpd8 on 08000839402 or call2optout/N9DX"
"ham","Customer place i will call you."
"spam","4mths half price Orange line rental & latest camera phones 4 FREE. Had your phone 11mths ? Call MobilesDirect free on 08000938767 to update now! or2stoptxt"
"ham","Hey so this sat are we going for the intro pilates only? Or the kickboxing too?"
"ham","Yes i think so. I am in office but my lap is in room i think thats on for the last few days. I didnt shut that down"
"spam","FREE RINGTONE text FIRST to 87131 for a poly or text GET to 87131 for a true tone! Help? 0845 2814032 16 after 1st free, tones are 3x£150pw to e£nd txt stop"
"ham","Dear how is chechi. Did you talk to her"
"ham","None of that's happening til you get here though"
"ham","Yep, the great loxahatchee xmas tree burning of  &lt;#&gt;  starts in an hour"
"ham","Message:some text missing* Sender:Name Missing* *Number Missing *Sent:Date missing *Missing U a lot thats y everything is missing sent via fullonsms.com"
"ham","Come by our room at some point so we can iron out the plan for this weekend"
"ham","Cos i want it to be your thing"
"spam","100 dating service cal;l 09064012103 box334sk38ch"
"ham","Whatsup there. Dont u want to sleep"
"ham","Alright i have a new goal now"
"spam","FREE entry into our £250 weekly competition just text the word WIN to 80086 NOW. 18 T&C www.txttowin.co.uk"
"spam","Send a logo 2 ur lover - 2 names joined by a heart. Txt LOVE NAME1 NAME2 MOBNO eg LOVE ADAM EVE 07123456789 to 87077 Yahoo! POBox36504W45WQ TxtNO 4 no ads 150p"
"spam","Someone has contacted our dating service and entered your phone because they fancy you! To find out who it is call from a landline 09111032124 . PoBox12n146tf150p"
"spam","URGENT! Your Mobile number has been awarded with a £2000 prize GUARANTEED. Call 09058094455 from land line. Claim 3030. Valid 12hrs only"
"ham","7 at esplanade.. Do ü mind giving me a lift cos i got no car today.."
"spam","Congrats! Nokia 3650 video camera phone is your Call 09066382422 Calls cost 150ppm Ave call 3mins vary from mobiles 16+ Close 300603 post BCM4284 Ldn WC1N3XX"
"ham","The message sent is askin for  &lt;#&gt; dollars. Shoul i pay  &lt;#&gt;  or  &lt;#&gt; ?"
"ham","How long does applebees fucking take"
"ham","But i have to. I like to have love and arrange."
"ham","You were supposed to wake ME up &gt;:("
"ham","Oic... I saw him too but i tot he din c me... I found a group liao..."
"ham","I wont get concentration dear you know you are my mind and everything :-)"
"ham","10 min later k..."
"ham","hanks lotsly!"
"spam","Loan for any purpose £500 - £75,000. Homeowners + Tenants welcome. Have you been previously refused? We can still help. Call Free 0800 1956669 or text back 'help'"
"ham","1.20 that call cost. Which i guess isnt bad. Miss ya, need ya, want ya, love ya"
"spam","UpgrdCentre Orange customer, you may now claim your FREE CAMERA PHONE upgrade for your loyalty. Call now on 0207 153 9153. Offer ends 26th July. T&C's apply. Opt-out available"
"ham","Sorry, I'll call later ok bye"
"ham","great princess! I love giving and receiving oral. Doggy style is my fave position. How about you? I enjoy making love  &lt;#&gt;  times per night :)"
"spam","okmail: Dear Dave this is your final notice to collect your 4* Tenerife Holiday or #5000 CASH award! Call 09061743806 from landline. TCs SAE Box326 CW25WX 150ppm"
"ham","Nothing. I meant that once the money enters your account here, the bank will remove its flat rate. Someone transfered  &lt;#&gt;  to my account and  &lt;#&gt; dollars got removed. So the banks differ and charges also differ.be sure you trust the 9ja person you are sending account details to cos..."
"spam","Want 2 get laid tonight? Want real Dogging locations sent direct 2 ur Mob? Join the UK's largest Dogging Network by txting MOAN to 69888Nyt. ec2a. 31p.msg@150p"
"ham","Nice line said by a broken heart- Plz don't cum 1 more times infront of me... Other wise once again I ll trust U... Good 9t:)"
"ham","Ok I'm gonna head up to usf in like fifteen minutes"
"ham","Love you aathi..love u lot.."
"ham","Almost there, see u in a sec"
"ham","Watching tv lor..."
"spam","FREE MESSAGE Activate your 500 FREE Text Messages by replying to this message with the word FREE For terms & conditions, visit www.07781482378.com"
"ham","Dear reached railway. What happen to you"
"ham","Depends on quality. If you want the type i sent boye, faded glory, then about 6. If you want ralphs maybe 2"
"ham","I think i've fixed it can you send a test message?"
"ham","Sorry man my account's dry or I would, if you want we could trade back half or I could buy some shit with my credit card"
"spam","Congrats! 1 year special cinema pass for 2 is yours. call 09061209465 now! C Suprman V, Matrix3, StarWars3, etc all 4 FREE! bx420-ip4-5we. 150pm. Dont miss out!"
"ham","When can ü come out?"
"ham","Check with nuerologist."
"spam","+123 Congratulations - in this week's competition draw u have won the £1450 prize to claim just call 09050002311 b4280703. T&Cs/stop SMS 08718727868. Over 18 only 150ppm"
"ham","No it's waiting in e car dat's bored wat. Cos wait outside got nothing 2 do. At home can do my stuff or watch tv wat."
"ham","Maybe westshore or hyde park village, the place near my house?"
"spam","You are guaranteed the latest Nokia Phone, a 40GB iPod MP3 player or a £500 prize! Txt word: COLLECT to No: 83355! IBHltd LdnW15H 150p/Mtmsgrcvd18+"
"spam","Boltblue tones for 150p Reply POLY# or MONO# eg POLY3 1. Cha Cha Slide 2. Yeah 3. Slow Jamz 6. Toxic 8. Come With Me or STOP 4 more tones txt MORE"
"spam","Your credits have been topped up for http://www.bubbletext.com Your renewal Pin is tgxxrz"
"ham","That way transport is less problematic than on sat night. By the way, if u want to ask  n  to join my bday, feel free. But need to know definite nos as booking on fri."
"ham","Shall i come to get pickle"
"ham","Were gonna go get some tacos"
"spam","URGENT!: Your Mobile No. was awarded a £2,000 Bonus Caller Prize on 02/09/03! This is our 2nd attempt to contact YOU! Call 0871-872-9755 BOX95QU"
"spam","Today's Offer! Claim ur £150 worth of discount vouchers! Text YES to 85023 now! SavaMob, member offers mobile! T Cs 08717898035. £3.00 Sub. 16 . Unsub reply X"
"spam","You will recieve your tone within the next 24hrs. For Terms and conditions please see Channel U Teletext Pg 750"
"spam","PRIVATE! Your 2003 Account Statement for 07815296484 shows 800 un-redeemed S.I.M. points. Call 08718738001 Identifier Code 41782 Expires 18/11/04"
"ham","I've not called you in a while. This is hoping it was l8r malaria and that you know that we miss you guys. I miss Bani big, so pls give her my love especially. Have a great day."
"ham","Good afternoon, my love! How goes that day ? I hope maybe you got some leads on a job. I think of you, boytoy and send you a passionate kiss from across the sea"
"ham","Probably gonna be here for a while, see you later tonight &lt;)"
"spam","from www.Applausestore.com MonthlySubscription@50p/msg max6/month T&CsC web age16 2stop txt stop"
"ham","This girl does not stay in bed. This girl doesn't need recovery time. Id rather pass out while having fun then be cooped up in bed"
"ham","Then any special there?"
"ham","Ok give me 5 minutes I think I see her. BTW you're my alibi. You were cutting my hair the whole time."
"ham","Hurry up, I've been weed-deficient for like three days"
"ham","O. Well uv causes mutations. Sunscreen is like essential thesedays"
"ham","Aiyo... U always c our ex one... I dunno abt mei, she haven reply... First time u reply so fast... Y so lucky not workin huh, got bao by ur sugardad ah...gee.."
"spam","GENT! We are trying to contact you. Last weekends draw shows that you won a £1000 prize GUARANTEED. Call 09064012160. Claim Code K52. Valid 12hrs only. 150ppm"
"ham","Oooh bed ridden ey? What are YOU thinking of?"
"ham","Do you know where my lab goggles went"
"spam","You have won ?1,000 cash or a ?2,000 prize! To claim, call09050000327"
"spam","our mobile number has won £5000, to claim calls us back or ring the claims hot line on 09050005321."
"spam","We tried to contact you re your reply to our offer of 750 mins 150 textand a new video phone call 08002988890 now or reply for free delivery tomorrow"
"ham","So how's scotland. Hope you are not over showing your JJC tendencies. Take care. Live the dream"
"ham","Tell them u have a headache and just want to use 1 hour of sick time."
"ham","I dun thk i'll quit yet... Hmmm, can go jazz ? Yogasana oso can... We can go meet em after our lessons den..."
"ham","Ya srsly better than yi tho"
"spam","For ur chance to win a £250 wkly shopping spree TXT: SHOP to 80878. T's&C's www.txt-2-shop.com custcare 08715705022, 1x150p/wk"
"spam","You have been specially selected to receive a 2000 pound award! Call 08712402050 BEFORE the lines close. Cost 10ppm. 16+. T&Cs apply. AG Promo"
"spam","PRIVATE! Your 2003 Account Statement for 07753741225 shows 800 un-redeemed S. I. M. points. Call 08715203677 Identifier Code: 42478 Expires 24/10/04"
"spam","You have an important customer service announcement. Call FREEPHONE 0800 542 0825 now!"
"ham","Be happy there. I will come after noon"
"spam","XCLUSIVE@CLUBSAISAI 2MOROW 28/5 SOIREE SPECIALE ZOUK WITH NICHOLS FROM PARIS.FREE ROSES 2 ALL LADIES !!! info: 07946746291/07880867867"
"spam","22 days to kick off! For Euro2004 U will be kept up to date with the latest news and results daily. To be removed send GET TXT STOP to 83222"
"ham","I have many dependents"
"ham","I called and said all to him:)then he have to choose this future."
"ham","He like not v shock leh. Cos telling shuhui is like telling leona also. Like dat almost all know liao. He got ask me abt ur reaction lor."
"ham","I come n pick ü up... Come out immediately aft ur lesson..."
"ham","Good words.... But words may leave u in dismay many times."
"ham","sorry, no, have got few things to do. may be in pub later."
"ham","Haha good to hear, I'm officially paid and on the market for an 8th"
"ham","Yup i thk they r e teacher said that will make my face look longer. Darren ask me not 2 cut too short."
"spam","New TEXTBUDDY Chat 2 horny guys in ur area 4 just 25p Free 2 receive Search postcode or at gaytextbuddy.com. TXT ONE name to 89693"
"spam","Todays Vodafone numbers ending with 4882 are selected to a receive a £350 award. If your number matches call 09064019014 to receive your £350 award."
"ham","Got it. Seventeen pounds for seven hundred ml – hope ok."
"spam","Dear Voucher Holder, 2 claim this weeks offer, at your PC go to http://www.e-tlp.co.uk/expressoffer Ts&Cs apply.2 stop texts txt STOP to 80062."
"ham","Me n him so funny..."
"ham","Well imma definitely need to restock before thanksgiving, I'll let you know when I'm out"
"ham","Allo! We have braved the buses and taken on the trains and triumphed. I mean we‘re in b‘ham. Have a jolly good rest of week"
"ham","Do you mind if I ask what happened? You dont have to say if it is uncomfortable."
"spam","PRIVATE! Your 2003 Account Statement for shows 800 un-redeemed S. I. M. points. Call 08715203694 Identifier Code: 40533 Expires 31/10/04"
"spam","You have won ?1,000 cash or a ?2,000 prize! To claim, call09050000327. T&C: RSTM, SW7 3SS. 150ppm"
"ham","You will be in the place of that man"
"spam","88800 and 89034 are premium phone services call 08718711108"
"ham","Carlos'll be here in a minute if you still need to buy"
"spam","SMS. ac sun0819 posts HELLO:""You seem cool, wanted to say hi. HI!!!"" Stop? Send STOP to 62468"
"spam","Get ur 1st RINGTONE FREE NOW! Reply to this msg with TONE. Gr8 TOP 20 tones to your phone every week just £1.50 per wk 2 opt out send STOP 08452810071 16"
"ham","Ditto. And you won't have to worry about me saying ANYTHING to you anymore. Like i said last night, you do whatever you want and i'll do the same. Peace."
"ham","Maybe?! Say hi to  and find out if  got his card. Great escape or wetherspoons?"
"ham","Is xy going 4 e lunch?"
"spam","Hi I'm sue. I am 20 years old and work as a lapdancer. I love sex. Text me live - I'm i my bedroom now. text SUE to 89555. By TextOperator G2 1DA 150ppmsg 18+"
"ham","I wanted to ask ü to wait 4 me to finish lect. Cos my lect finishes in an hour anyway."
"ham","Have you finished work yet? :)"
"spam","<Forwarded from 448712404000>Please CALL 08712404000 immediately as there is an urgent message waiting for you."
"ham","meet you in corporation st outside gap … you can see how my mind is working!"
"ham","K..u also dont msg or reply to his msg.."
"ham","How much r ü willing to pay?"
"ham","Thats a bit weird, even ?- where is the do supposed to be happening? But good idea, sure they will be in pub!"
"ham","True dear..i sat to pray evening and felt so.so i sms'd you in some time..."
"spam","To review and KEEP the fantastic Nokia N-Gage game deck with Club Nokia, go 2 www.cnupdates.com/newsletter. unsubscribe from alerts reply with the word OUT"
"spam","4mths half price Orange line rental & latest camera phones 4 FREE. Had your phone 11mths+? Call MobilesDirect free on 08000938767 to update now! or2stoptxt T&Cs"
"spam","08714712388 between 10am-7pm Cost 10p"
"ham","Save yourself the stress. If the person has a dorm account, just send your account details and the money will be sent to you."
"ham","He also knows about lunch menu only da. . I know"
"spam","+449071512431 URGENT! This is the 2nd attempt to contact U!U have WON £1250 CALL 09071512433 b4 050703 T&CsBCM4235WC1N3XX. callcost 150ppm mobilesvary. max£7. 50"
"ham","Book which lesson? then you msg me... I will call up after work or sth... I'm going to get specs. My membership is PX3748"
"spam","You have WON a guaranteed £1000 cash or a £2000 prize. To claim yr prize call our customer service representative on 08714712394 between 10am-7pm"
"ham","Oh is it? Send me the address"
"ham","S'fine. Anytime. All the best with it."
"ham","Ya even those cookies have jelly on them"
"spam","Email AlertFrom: Jeri StewartSize: 2KBSubject: Low-cost prescripiton drvgsTo listen to email call 123"
"spam","Hi. Customer Loyalty Offer:The NEW Nokia6650 Mobile from ONLY £10 at TXTAUCTION! Txt word: START to No: 81151 & get yours Now! 4T&Ctxt TC 150p/MTmsg"
"ham","Wish i were with you now!"
"spam","U are subscribed to the best Mobile Content Service in the UK for £3 per 10 days until you send STOP to 82324. Helpline 08706091795"
"ham","By monday next week. Give me the full gist"
"spam","Do you realize that in about 40 years, we'll have thousands of old ladies running around with tattoos?"
"spam","You have an important customer service announcement from PREMIER."
"ham","Realy sorry-i don't recognise this number and am now confused :) who r u please?!"
"ham","Faith makes things possible,Hope makes things work,Love makes things beautiful,May you have all three this Christmas!Merry Christmas!"
"ham","Call me when you/carlos is/are here, my phone's vibrate is acting up and I might not hear texts"
"spam","Romantic Paris. 2 nights, 2 flights from £79 Book now 4 next year. Call 08704439680Ts&Cs apply."
"spam","Urgent Ur £500 guaranteed award is still unclaimed! Call 09066368327 NOW closingdate04/09/02 claimcode M39M51 £1.50pmmorefrommobile2Bremoved-MobyPOBox734LS27YF"
"spam","UR awarded a City Break and could WIN a £200 Summer Shopping spree every WK. Txt STORE to 88039 . SkilGme. TsCs087147403231Winawk!Age16 £1.50perWKsub"
"ham","Sorry, I'll call later"
"ham","Not getting anywhere with this damn job hunting over here!"
"ham","Why don't you go tell your friend you're not sure you want to live with him because he smokes too much then spend hours begging him to come smoke"
"ham","Happy New year my dear brother. I really do miss you. Just got your number and decided to send you this text wishing you only happiness. Abiola"
"ham","That means get the door"
"ham","Your opinion about me? 1. Over 2. Jada 3. Kusruthi 4. Lovable 5. Silent 6. Spl character 7. Not matured 8. Stylish 9. Simple Pls reply.."
"spam","You have an important customer service announcement from PREMIER. Call FREEPHONE 0800 542 0578 now!"
"ham","It does it on its own. Most of the time it fixes my spelling. But sometimes it gets a completely diff word. Go figure"
"spam","Ever thought about living a good life with a perfect partner? Just txt back NAME and AGE to join the mobile community. (100p/SMS)"
"spam","5 Free Top Polyphonic Tones call 087018728737, National Rate. Get a toppoly tune sent every week, just text SUBPOLY to 81618, £3 per pole. UnSub 08718727870."
"ham","Y?WHERE U AT DOGBREATH? ITS JUST SOUNDING LIKE JAN C THATS AL!!!!!!!!!"
"ham","There generally isn't one. It's an uncountable noun - u in the dictionary. pieces of research?"
"ham","it's really getting me down just hanging around."
"spam","Orange customer, you may now claim your FREE CAMERA PHONE upgrade for your loyalty. Call now on 0207 153 9996. Offer ends 14thMarch. T&C's apply. Opt-out availa"
"ham","""Petey boy whereare you me and all your friendsare in theKingshead come down if you canlove Nic"""
"ham","Ok i msg u b4 i leave my house."
"spam","Last Chance! Claim ur £150 worth of discount vouchers today! Text SHOP to 85023 now! SavaMob, offers mobile! T Cs SavaMob POBOX84, M263UZ. £3.00 Sub. 16"
"spam","FREE for 1st week! No1 Nokia tone 4 ur mobile every week just txt NOKIA to 8077 Get txting and tell ur mates. www.getzed.co.uk POBox 36504 W45WQ 16+ norm150p/tone"
"spam","You have won a guaranteed £200 award or even £1000 cashto claim UR award call free on 08000407165 (18+) 2 stop getstop on 88222 PHP. RG21 4JX"
"ham","K I'll be there before 4."
"ham","So there's a ring that comes with the guys costumes. It's there so they can gift their future yowifes. Hint hint"
"spam","Congratulations ur awarded either £500 of CD gift vouchers & Free entry 2 our £100 weekly draw txt MUSIC to 87066 TnCs www.Ldew.com1win150ppmx3age16"
"spam","U were outbid by simonwatson5120 on the Shinco DVD Plyr. 2 bid again, visit sms. ac/smsrewards 2 end bid notifications, reply END OUT"
"spam","SMSSERVICES. for yourinclusive text credits, pls goto www.comuk.net login= 3qxj9 unsubscribe with STOP, no extra charge. help 08702840625.COMUK. 220-CM2 9AE"
"spam","25p 4 alfie Moon's Children in need song on ur mob. Tell ur m8s. Txt Tone charity to 8007 for Nokias or Poly charity for polys: zed 08701417012 profit 2 charity."
"ham","Hmm .. Bits and pieces lol ... *sighs* ..."
"ham","Sorry light turned green, I meant another friend wanted  &lt;#&gt;  worth but he may not be around"
"ham","Thanks for yesterday sir. You have been wonderful. Hope you enjoyed the burial. MojiBiola"
"spam","U have a secret admirer. REVEAL who thinks U R So special. Call 09065174042. To opt out Reply REVEAL STOP. 1.50 per msg recd. Cust care 07821230901"
"spam","Dear Voucher Holder, To claim this weeks offer, at you PC please go to http://www.e-tlp.co.uk/expressoffer Ts&Cs apply. To stop texts, txt STOP to 80062"
"ham","Surely result will offer:)"
"ham","Good Morning my Dear........... Have a great &amp; successful day."
"spam","Do you want 750 anytime any network mins 150 text and a NEW VIDEO phone for only five pounds per week call 08002888812 or reply for delivery tomorrow"
"ham","Sir, I have been late in paying rent for the past few months and had to pay a $ &lt;#&gt;  charge. I felt it would be inconsiderate of me to nag about something you give at great cost to yourself and that's why i didnt speak up. I however am in a recession and wont be able to pay the charge this month hence my askin well ahead of month's end. Can you please help. Thanks"
"spam","We tried to contact you re our offer of New Video Phone 750 anytime any network mins HALF PRICE Rental camcorder call 08000930705 or reply for delivery Wed"
"spam","Last chance 2 claim ur £150 worth of discount vouchers-Text YES to 85023 now!SavaMob-member offers mobile T Cs 08717898035. £3.00 Sub. 16 . Remove txt X or STOP"
"ham","I luv u soo much u dont understand how special u r 2 me ring u 2morrow luv u xxx"
"spam","Urgent! call 09066350750 from your landline. Your complimentary 4* Ibiza Holiday or 10,000 cash await collection SAE T&Cs PO BOX 434 SK3 8WP 150 ppm 18+"
"ham","I am in office:)whats the matter..msg me now.i will call you at break:)."
"ham","Yeah there's barely enough room for the two of us, x has too many fucking shoes. Sorry man, see you later"
"spam","Today's Offer! Claim ur £150 worth of discount vouchers! Text YES to 85023 now! SavaMob, member offers mobile! T Cs 08717898035. £3.00 Sub. 16 . Unsub reply X"
"ham","U reach orchard already? U wan 2 go buy tickets first?"
"ham","No da if you run that it activate the full version da."
"ham","Stop the story. I've told him i've returned it and he's saying i should not re order it."
"spam","Talk sexy!! Make new friends or fall in love in the worlds most discreet text dating service. Just text VIP to 83110 and see who you could meet."
"spam","Congratulations ur awarded either a yrs supply of CDs from Virgin Records or a Mystery Gift GUARANTEED Call 09061104283 Ts&Cs www.smsco.net £1.50pm approx 3mins"
"spam","PRIVATE! Your 2003 Account Statement for 07808 XXXXXX shows 800 un-redeemed S. I. M. points. Call 08719899217 Identifier Code: 41685 Expires 07/11/04"
"spam","Hello. We need some posh birds and chaps to user trial prods for champneys. Can i put you down? I need your address and dob asap. Ta r"
"spam","What do U want for Xmas? How about 100 free text messages & a new video phone with half price line rental? Call free now on 0800 0721072 to find out more!"
"ham","Its going good...no problem..but still need little experience to understand american customer voice..."
"spam","Shop till u Drop, IS IT YOU, either 10K, 5K, £500 Cash or £100 Travel voucher, Call now, 09064011000. NTT PO Box CR01327BT fixedline Cost 150ppm mobile vary"
"ham","Are you in castor? You need to see something"
"spam","Sunshine Quiz Wkly Q! Win a top Sony DVD player if u know which country Liverpool played in mid week? Txt ansr to 82277. £1.50 SP:Tyrone"
"spam","U have a secret admirer who is looking 2 make contact with U-find out who they R*reveal who thinks UR so special-call on 09058094565"
"spam","U have a Secret Admirer who is looking 2 make contact with U-find out who they R*reveal who thinks UR so special-call on 09065171142-stopsms-08"
"spam","Reminder: You have not downloaded the content you have already paid for. Goto http://doit. mymoby. tv/ to collect your content."
"ham","see, i knew giving you a break a few times woul lead to you always wanting to miss curfew. I was gonna gibe you 'til one, but a MIDNIGHT movie is not gonna get out til after 2. You need to come home. You need to getsleep and, if anything, you need to b studdying ear training."
"ham","Yoyyooo u know how to change permissions for a drive in mac. My usb flash drive"
"ham","I am great princess! What are you thinking about me? :)"
"ham","It's ok i noe u're busy but i'm really too bored so i msg u. I oso dunno wat colour she choose 4 me one."
"ham","Doesn't g have class early tomorrow and thus shouldn't be trying to smoke at  &lt;#&gt;"
"ham","Superb Thought- ""Be grateful that u dont have everything u want. That means u still have an opportunity to be happier tomorrow than u are today."":-)"
"ham","Hope you are having a good week. Just checking in"
"ham","I'm used to it. I just hope my agents don't drop me since i've only booked a few things this year. This whole me in boston, them in nyc was an experiment."
"spam","Your free ringtone is waiting to be collected. Simply text the password ""MIX"" to 85069 to verify. Get Usher and Britney. FML, PO Box 5249, MK17 92H. 450Ppw 16"
"ham","We're all getting worried over here, derek and taylor have already assumed the worst"
"ham","Hey what's up charles sorry about the late reply."
"spam","all the lastest from Stereophonics, Marley, Dizzee Racal, Libertines and The Strokes! Win Nookii games with Flirt!! Click TheMob WAP Bookmark or text WAP to 82468"
"ham","WHITE FUDGE OREOS ARE IN STORES"
"spam","January Male Sale! Hot Gay chat now cheaper, call 08709222922. National rate from 1.5p/min cheap to 7.8p/min peak! To stop texts call 08712460324 (10p/min)"
"ham","Call me da, i am waiting for your call."
"ham","I could ask carlos if we could get more if anybody else can chip in"
"ham","When u wana see it then"
"ham","It shall be fine. I have avalarr now. Will hollalater"
"ham","Actually i deleted my old website..now i m blogging at magicalsongs.blogspot.com"
"ham","K, wait chikku..il send aftr  &lt;#&gt; mins"
"ham","Oh all have to come ah?"
"spam","money!!! you r a lucky winner ! 2 claim your prize text money 2 88600 over £1million to give away ! ppt150x3+normal text rate box403 w1t1jy"
"ham","So do you have samus shoulders yet"
"spam","Dear Matthew please call 09063440451 from a landline, your complimentary 4*Lux Tenerife holiday or £1000 CASH await collection. ppm150 SAE T&Cs Box334 SK38XH."
"ham","Then dun wear jeans lor..."
"spam","Urgent! call 09061749602 from Landline. Your complimentary 4* Tenerife Holiday or £10,000 cash await collection SAE T&Cs BOX 528 HP20 1YF 150ppm 18+"
"ham","Better. Made up for Friday and stuffed myself like a pig yesterday. Now I feel bleh. But at least its not writhing pain kind of bleh."
"spam","How about getting in touch with folks waiting for company? Just txt back your NAME and AGE to opt in! Enjoy the community (150p/SMS)"
"ham","And also I've sorta blown him off a couple times recently so id rather not text him out of the blue looking for weed"
"ham","I cant wait to see you! How were the photos were useful? :)"
"spam","Ur cash-balance is currently 500 pounds - to maximize ur cash-in now send GO to 86688 only 150p/msg. CC: 08718720201 PO BOX 114/14 TCR/W1"
"ham","Awesome, lemme know whenever you're around"
"ham","Shb b ok lor... Thanx..."
"spam","Filthy stories and GIRLS waiting for your"
"ham","My sort code is  and acc no is . The bank is natwest. Can you reply to confirm i've sent this to the right person!"
"ham","U sure u can't take any sick time?"
"spam","URGENT! We are trying to contact U. Todays draw shows that you have won a £800 prize GUARANTEED. Call 09050001808 from land line. Claim M95. Valid12hrs only"
"ham","Or better still can you catch her and let ask her if she can sell  &lt;#&gt;  for me."
"ham","I am not sure about night menu. . . I know only about noon menu"
"ham","It wont b until 2.15 as trying 2 sort house out, is that ok?"
"ham","Eh u send wrongly lar..."
"ham","Dont hesitate. You know this is the second time she has had weakness like that. So keep i notebook of what she eat and did the day before or if anything changed the day before so that we can be sure its nothing"
"ham","Another month. I need chocolate weed and alcohol."
"ham","If he started searching he will get job in few days.he have great potential and talent."
"spam","Congrats! 2 mobile 3G Videophones R yours. call 09063458130 now! videochat wid your mates, play java games, Dload polyPH music, noline rentl."
"ham","Carlos says he'll be at mu in  &lt;#&gt;  minutes"
"ham","I'm in office now . I will call you  &lt;#&gt;  min:)"
"ham","Geeee ... I miss you already, you know ? Your all I can think about. Fuck, I can't wait till next year when we will be together ... *loving kiss*"
"ham","Ugh. Gotta drive back to sd from la. My butt is sore."
"ham","The Xmas story is peace.. The Xmas msg is love.. The Xmas miracle is jesus.. Hav a blessed month ahead &amp; wish U Merry Xmas..."
"ham","Change again... It's e one next to escalator..."
"ham","Not a lot has happened here. Feels very quiet. Beth is at her aunts and charlie is working lots. Just me and helen in at the mo. How have you been?"
"spam","Please call our customer service representative on FREEPHONE 0808 145 4742 between 9am-11pm as you have WON a guaranteed £1000 cash or £5000 prize!"
"ham","Give me a sec to think think about it"
"spam","Panasonic & BluetoothHdset FREE. Nokia FREE. Motorola FREE & DoubleMins & DoubleTxt on Orange contract. Call MobileUpd8 on 08000839402 or call 2optout"
"ham","I don't quite know what to do. I still can't get hold of anyone. I cud pick you up bout 7.30pm and we can see if they're in the pub?"
"ham","Poyyarikatur,kolathupalayam,unjalur post,erode dis, &lt;#&gt; ."
"ham","I just got home babe, are you still awake ?"
"ham","I dunno they close oredi not... Ü v ma fan..."
"spam","FREE for 1st week! No1 Nokia tone 4 ur mob every week just txt NOKIA to 8007 Get txting and tell ur mates www.getzed.co.uk POBox 36504 W45WQ norm150p/tone 16+"
"ham","Nope watching tv at home... Not going out. V bored..."
"ham","Don know..wait i will check it."
"spam","Guess what! Somebody you know secretly fancies you! Wanna find out who it is? Give us a call on 09065394514 From Landline DATEBox1282EssexCM61XN 150p/min 18"
"ham","May i call You later Pls"
"ham","Yes da. Any plm at ur office"
"ham","Are you not around or just still asleep? :V"
"ham","Yup bathe liao..."
"ham","HAPPY NEW YEAR MY NO.1 MAN"
"ham","OH MR SHEFFIELD! You wanna play THAT game, okay. You're the boss and I'm the nanny. You give me a raise and I'll give YOU one!!"
"ham","Edison has rightly said, ""A fool can ask more questions than a wise man can answer"" Now you know why all of us are speechless during ViVa.. GM,GN,GE,GNT:-)"
"ham","Today am going to college so am not able to atten the class."
"ham","I'm in class. Will holla later"
"ham","Mmm thats better now i got a roast down me! id b better if i had a few drinks down me 2! Good indian?"
"spam","We know someone who you know that fancies you. Call 09058097218 to find out who. POBox 6, LS15HB 150p"
"spam","1000's flirting NOW! Txt GIRL or BLOKE & ur NAME & AGE, eg GIRL ZOE 18 to 8007 to join and get chatting!"
"spam","18 days to Euro2004 kickoff! U will be kept informed of all the latest news and results daily. Unsubscribe send GET EURO STOP to 83222."
"ham","Then u drive lor."
"ham","Tell me they're female :V how're you throwing in? We're deciding what all to get now"
"spam","EASTENDERS TV Quiz. What FLOWER does DOT compare herself to? D= VIOLET E= TULIP F= LILY txt D E or F to 84025 NOW 4 chance 2 WIN £100 Cash WKENT/150P16+"
"ham","Ok. Not sure what time tho as not sure if can get to library before class. Will try. See you at some point! Have good eve."
"spam","We have new local dates in your area - Lots of new people registered in YOUR AREA. Reply DATE to start now! 18 only www.flirtparty.us REPLYS150"
"ham","That's fine, I'll bitch at you about it later then"
"spam","Someone U know has asked our dating service 2 contact you! Cant Guess who? CALL 09058091854 NOW all will be revealed. PO BOX385 M6 6WU"
"spam","URGENT! We are trying to contact U. Todays draw shows that you have won a £800 prize GUARANTEED. Call 09050003091 from land line. Claim C52. Valid12hrs only"
"spam","Dear U've been invited to XCHAT. This is our final attempt to contact u! Txt CHAT to 86688"
"ham","Aight ill get on fb in a couple minutes"
"ham","Oi. Ami parchi na re. Kicchu kaaj korte iccha korche na. Phone ta tul na. Plz. Plz."
"ham","Where can download clear movies. Dvd copies."
"ham","Yep, by the pretty sculpture"
"ham","Can u get pic msgs to your phone?"
"ham","Send to someone else :-)"
"ham","You can never do NOTHING"
"spam","You are awarded a SiPix Digital Camera! call 09061221061 from landline. Delivery within 28days. T Cs Box177. M221BP. 2yr warranty. 150ppm. 16 . p p£3.99"
"spam","WIN URGENT! Your mobile number has been awarded with a £2000 prize GUARANTEED call 09061790121 from land line. claim 3030 valid 12hrs only 150ppm"
"ham","Well the weather in cali's great. But its complexities are great. You need a car to move freely, its taxes are outrageous. But all in all its a great place. The sad part is i missing home."
"ham","Now only i reached home. . . I am very tired now. . I will come tomorro"
"ham","Ryder unsold.now gibbs."
"spam","Dear Subscriber ur draw 4 £100 gift voucher will b entered on receipt of a correct ans. When was Elvis Presleys Birthday? TXT answer to 80062"
"spam","Message Important information for O2 user. Today is your lucky day! 2 find out why log onto http://www.urawinner.com there is a fantastic surprise awaiting you"
"ham","So that means you still think of teju"
"ham","Hey... What time is your driving on fri? We go for evaluation on fri?"
"spam","449050000301 You have won a £2,000 price! To claim, call 09050000301."
"spam","Bored of speed dating? Try SPEEDCHAT, txt SPEEDCHAT to 80155, if you don't like em txt SWAP and get a new chatter! Chat80155 POBox36504W45WQ 150p/msg rcd 16"
"spam","Do you want 750 anytime any network mins 150 text and a NEW video phone for only five pounds per week call 08000776320 now or reply for delivery Tomorrow"
"ham","Ok.ok ok..then..whats ur todays plan"
"spam","For taking part in our mobile survey yesterday! You can now have 500 texts 2 use however you wish. 2 get txts just send TXT to 80160 T&C www.txt43.com 1.50p"
"ham","Not tonight mate. Catching up on some sleep. This is my new number by the way."
"spam","Ur HMV Quiz cash-balance is currently £500 - to maximize ur cash-in now send HMV1 to 86688 only 150p/msg"
"ham","So check your errors and if you had difficulties, do correction."
"ham","Sorry, I'll call later"
"spam","Dont forget you can place as many FREE Requests with 1stchoice.co.uk as you wish. For more Information call 08707808226."
"ham","Message:some text missing* Sender:Name Missing* *Number Missing *Sent:Date missing *Missing U a lot thats y everything is missing sent via fullonsms.com"
"spam","I don't know u and u don't know me. Send CHAT to 86688 now and let's find each other! Only 150p/Msg rcvd. HG/Suite342/2Lands/Row/W1J6HL LDN. 18 years or over."
"spam","Thank you, winner notified by sms. Good Luck! No future marketing reply STOP to 84122 customer services 08450542832"
"spam","1000's of girls many local 2 u who r virgins 2 this & r ready 2 4fil ur every sexual need. Can u 4fil theirs? text CUTE to 69911(£1.50p. m)"
"ham","Did u find a sitter for kaitlyn? I was sick and slept all day yesterday."
"ham","Sorry man, accidentally left my phone on silent last night and didn't check it til I got up"
"ham","Hey.. Something came up last min.. Think i wun be signing up tmr.. Hee"
"ham","He's an adult and would learn from the experience. There's no real danger. I just dont like peeps using drugs they dont need. But no comment"
"ham","Hey! There's veggie pizza... :/"
"ham","You sure your neighbors didnt pick it up"
"ham","K. I will sent it again"
"spam","Free entry in 2 a wkly comp to win FA Cup final tkts 21st May 2005. Text FA to 87121 to receive entry question(std txt rate)T&C's apply 08452810075over18's"
"ham","Well. Im computerless. Time to make some oreo truffles"
"ham","Haha yeah I see that now, be there in a sec"
"ham","I am not having her number sir"
"ham","Ok . . now i am in bus. . If i come soon i will come otherwise tomorrow"
"ham","Msgs r not time pass.They silently say that I am thinking of U right now and also making U think of me at least 4 a moment. Gd nt.swt drms @Shesil"
"spam","Got what it takes 2 take part in the WRC Rally in Oz? U can with Lucozade Energy! Text RALLY LE to 61200 (25p), see packs or lucozade.co.uk/wrc & itcould be u!"
"ham","I'm in chennai velachery:)"
"ham","K give me a sec, breaking a  &lt;#&gt;  at cstore"
"ham","Am i that much bad to avoid like this?"
"ham","There's no point hangin on to mr not right if he's not makin u happy"
"ham","I was up all night too worrying about this appt. It's a shame we missed a girls night out with quizzes popcorn and you doing my hair."
"spam","Sex up ur mobile with a FREE sexy pic of Jordan! Just text BABE to 88600. Then every wk get a sexy celeb! PocketBabe.co.uk 4 more pics. 16 £3/wk 087016248"
"spam","You have 1 new voicemail. Please call 08719181503"
"ham","What he said is not the matter. My mind saying some other matter is there."
"spam","WIN a year supply of CDs 4 a store of ur choice worth £500 & enter our £100 Weekly draw txt MUSIC to 87066 Ts&Cs www.Ldew.com.subs16+1win150ppmx3"
"spam","As a SIM subscriber, you are selected to receive a Bonus! Get it delivered to your door, Txt the word OK to No: 88600 to claim. 150p/msg, EXP. 30Apr"
"ham","I need you to be in my strong arms..."
"ham","Guessin you ain't gonna be here before 9?"
"ham","Ok then i will come to ur home after half an hour"
"spam","You have 1 new voicemail. Please call 08719181513."
"spam","No. 1 Nokia Tone 4 ur mob every week! Just txt NOK to 87021. 1st Tone FREE ! so get txtin now and tell ur friends. 150p/tone. 16 reply HL 4info"
"spam","You are a winner U have been specially selected 2 receive £1000 cash or a 4* holiday (flights inc) speak to a live operator 2 claim 0871277810810"
"spam","Reply with your name and address and YOU WILL RECEIVE BY POST a weeks completely free accommodation at various global locations www.phb1.com ph:08700435505150p"
"ham","So ü'll be submitting da project tmr rite?"
"spam","FREE entry into our £250 weekly comp just send the word ENTER to 84128 NOW. 18 T&C www.textcomp.com cust care 08712405020."
"ham","Lol ok. I'll snatch her purse too."
"ham","How much are we getting?"
"ham","Nobody can decide where to eat and dad wants Chinese"
"ham","No shoot me. I'm in the docs waiting room. :/"
"ham","I do know what u mean,  is the king of not havin credit! I'm goin2bed now. Night night sweet! Only1more sleep!"
"ham","Ummmmmaah Many many happy returns of d day my dear sweet heart.. HAPPY BIRTHDAY dear"
"spam","Please CALL 08712402779 immediately as there is an urgent message waiting for you"
"ham","Just wait till end of march when el nino gets himself. Oh."
"ham","Am also doing in cbe only. But have to pay."
"ham","Yo, I'm at my parents' gettin cash. Good news: we picked up a downstem"
"spam","Hungry gay guys feeling hungry and up 4 it, now. Call 08718730555 just 10p/min. To stop texts call 08712460324 (10p/min)"
"ham","Ok. No wahala. Just remember that a friend in need ..."
"ham","I will see in half an hour"
"ham","""Hey sorry I didntgive ya a a bellearlier hunny,just been in bedbut mite go 2 thepub l8tr if uwana mt up?loads a luv Jenxxx."""
"ham","SERIOUSLY. TELL HER THOSE EXACT WORDS RIGHT NOW."
"spam","Can U get 2 phone NOW? I wanna chat 2 set up meet Call me NOW on 09096102316 U can cum here 2moro Luv JANE xx Calls£1/minmoremobsEMSPOBox45PO139WA"
"ham","Tee hee. Off to lecture, cheery bye bye."
"ham","If you still havent collected the dough pls let me know so i can go to the place i sent it to get the control number"
"spam","network operator. The service is free. For T & C's visit 80488.biz"
"ham","Dont put your phone on silent mode ok"
"ham","Night has ended for another day, morning has come in a special way. May you smile like the sunny rays and leaves your worries at the blue blue bay. Gud mrng"
"ham","TELL HER I SAID EAT SHIT."
"ham","Your daily text from me – a favour this time"
"ham","Great to hear you are settling well. So what's happenin wit ola?"
"spam","Enjoy the jamster videosound gold club with your credits for 2 new videosounds+2 logos+musicnews! get more fun from jamster.co.uk! 16+only Help? call: 09701213186"
"spam","Get 3 Lions England tone, reply lionm 4 mono or lionp 4 poly. 4 more go 2 www.ringtones.co.uk, the original n best. Tones 3GBP network operator rates apply"
"ham","I jokin oni lar.. Ü busy then i wun disturb ü."
"ham","I.ll always be there, even if its just in spirit. I.ll get a bb soon. Just trying to be sure i need it."
"ham","U r too much close to my heart. If u go away i will be shattered. Plz stay with me."
"ham","I love u 2 babe! R u sure everything is alrite. Is he being an idiot? Txt bak girlie"
"ham","Got but got 2 colours lor. One colour is quite light n e other is darker lor. Actually i'm done she's styling my hair now."
"ham","Whenevr ur sad, Whenevr ur gray, Remembr im here 2 listn 2 watevr u wanna say, Jus walk wid me a little while,&amp; I promise I'll bring back ur smile.:-)"
"spam","Win the newest “Harry Potter and the Order of the Phoenix (Book 5) reply HARRY, answer 5 questions - chance to be the first among readers!"
"ham","Just sent again. Do you scream and moan in bed, princess?"
"spam","Ur balance is now £500. Ur next question is: Who sang 'Uptown Girl' in the 80's ? 2 answer txt ur ANSWER to 83600. Good luck!"
"ham","My exam is for february 4. Wish you a great day."
"ham","Aight no rush, I'll ask jay"
"ham","Good Morning plz call me sir"
"ham","Oh... Icic... K lor, den meet other day..."
"ham","Sweet, we may or may not go to 4U to meet carlos so gauge patty's interest in that"
"ham","Aight sorry I take ten years to shower. What's the plan?"
"ham","Crazy ar he's married. Ü like gd looking guys not me. My frens like say he's korean leona's fave but i dun thk he is. Aft some thinking mayb most prob i'll go."
"ham","Nothing much, chillin at home. Any super bowl plan?"
"spam","FREE2DAY sexy St George's Day pic of Jordan!Txt PIC to 89080 dont miss out, then every wk a saucy celeb!4 more pics c PocketBabe.co.uk 0870241182716 £3/wk"
"ham","Yo theres no class tmrw right?"
"ham","Convey my regards to him"
"ham","U ned to convince him tht its not possible witot hurting his feeling its the main"
"ham","Yo dude guess who just got arrested the other day"
"ham","What does the dance river do?"
"ham","Hey i will be really pretty late... You want to go for the lesson first? I will join you. I'm only reaching tp mrt"
"spam","HOT LIVE FANTASIES call now 08707509020 Just 20p per min NTT Ltd, PO Box 1327 Croydon CR9 5WB 0870..k"
"spam","Bears Pic Nick, and Tom, Pete and ... Dick. In fact, all types try gay chat with photo upload call 08718730666 (10p/min). 2 stop texts call 08712460324"
"spam","500 New Mobiles from 2004, MUST GO! Txt: NOKIA to No: 89545 & collect yours today!From ONLY £1 www.4-tc.biz 2optout 087187262701.50gbp/mtmsg18 TXTAUCTION"
"ham","Auntie huai juan never pick up her phone"
"spam","Double Mins & Double Txt & 1/2 price Linerental on Latest Orange Bluetooth mobiles. Call MobileUpd8 for the very latest offers. 08000839402 or call2optout/LF56"
"spam","No. 1 Nokia Tone 4 ur mob every week! Just txt NOK to 87021. 1st Tone FREE ! so get txtin now and tell ur friends. 150p/tone. 16 reply HL 4info"
"ham","Its ok my arm is feeling weak cuz i got a shot so we can go another time"
"ham","Please reserve ticket on saturday eve from chennai to thirunelvali and again from tirunelvali to chennai on sunday eve...i already see in net..no ticket available..i want to book ticket through tackle .."
"ham","Haha... Where got so fast lose weight, thk muz go 4 a month den got effect... Gee,later we go aust put bk e weight."
"ham","Haha just kidding, papa needs drugs"
"ham","Thats cool! I am a gentleman and will treat you with dignity and respect."
"ham","You have registered Sinco as Payee. Log in at icicibank.com and enter URN  &lt;#&gt;  to confirm. Beware of frauds. Do NOT share or disclose URN to anyone."
"ham","Kaiez... Enjoy ur tuition... Gee... Thk e second option sounds beta... I'll go yan jiu den msg u..."
"ham","cool. We will have fun practicing making babies!"
"ham","Actually getting ready to leave the house."
"spam","URGENT, IMPORTANT INFORMATION FOR O2 USER. TODAY IS YOUR LUCKY DAY! 2 FIND OUT WHY LOG ONTO HTTP://WWW.URAWINNER.COM THERE IS A FANTASTIC SURPRISE AWAITING FOR YOU"
"ham","Where at were hungry too"
"ham","Wen ur lovable bcums angry wid u, dnt take it seriously.. Coz being angry is d most childish n true way of showing deep affection, care n luv!.. kettoda manda... Have nice day da."
"spam","Dear U've been invited to XCHAT. This is our final attempt to contact u! Txt CHAT to 86688 150p/MsgrcvdHG/Suite342/2Lands/Row/W1J6HL LDN 18 yrs"
"spam","Congratulations ur awarded either £500 of CD gift vouchers & Free entry 2 our £100 weekly draw txt MUSIC to 87066 TnCs www.Ldew.com 1 win150ppmx3age16"
"ham","Yes.. now only saw your message.."
"ham","I'll be at mu in like  &lt;#&gt;  seconds"
"spam","For sale - arsenal dartboard. Good condition but no doubles or trebles!"
"ham","Don't look back at the building because you have no coat and i don't want you to get more sick. Just hurry home and wear a coat to the gym!!!"
"ham","I asked sen to come chennai and search for job."
"ham","Dad went out oredi..."
"ham","Wat so late still early mah. Or we juz go 4 dinner lor. Aiya i dunno..."
"ham","Arms fine, how's Cardiff and uni?"
"ham","In fact when do you leave? I think addie goes back to school tues or wed"
"spam","Free 1st week entry 2 TEXTPOD 4 a chance 2 win 40GB iPod or £250 cash every wk. Txt POD to 84128 Ts&Cs www.textpod.net custcare 08712405020."
"ham","Looks like u wil b getting a headstart im leaving here bout 2.30ish but if u r desperate for my company I could head in earlier-we were goin to meet in rummer."
"spam","As a registered optin subscriber ur draw 4 £100 gift voucher will be entered on receipt of a correct ans to 80062 Whats No1 in the BBC charts"
"ham","Ya! when are ü taking ure practical lessons? I start in june.."
"spam","Summers finally here! Fancy a chat or flirt with sexy singles in yr area? To get MATCHED up just reply SUMMER now. Free 2 Join. OptOut txt STOP Help08714742804"
"spam","CLAIRE here am havin borin time & am now alone U wanna cum over 2nite? Chat now 09099725823 hope 2 C U Luv CLAIRE xx Calls£1/minmoremobsEMSPOBox45PO139WA"
"spam","Bought one ringtone and now getting texts costing 3 pound offering more tones etc"
"spam","09066362231 URGENT! Your mobile No 07xxxxxxxxx won a £2,000 bonus caller prize on 02/06/03! this is the 2nd attempt to reach YOU! call 09066362231 ASAP!"
"ham","Ok good then i later come find ü... C lucky i told ü to go earlier... Later pple take finish ü no more again..."
"spam","YOU 07801543489 are guaranteed the latests Nokia Phone, a 40GB iPod MP3 player or a £500 prize! Txt word:COLLECT to No:83355! TC-LLC NY-USA 150p/Mt msgrcvd18+"
"ham","I wont touch you with out your permission."
"spam","Hi its LUCY Hubby at meetins all day Fri & I will B alone at hotel U fancy cumin over? Pls leave msg 2day 09099726395 Lucy x Calls£1/minMobsmoreLKPOBOX177HP51FL"
"ham","Take some small dose tablet for fever"
"ham","Just sent you an email – to an address with incomm in it, is that right?"
"ham","Will do, you gonna be at blake's all night? I might be able to get out of here a little early"
"ham","I'm watching lotr w my sis dis aft. So u wan 2 meet me 4 dinner at nite a not?"
"ham","Have you always been saying welp?"
"ham","Sorry, I'll call later"
"ham","Tell them no need to investigate about me anywhere."
"spam","Your account has been credited with 500 FREE Text Messages. To activate, just txt the word: CREDIT to No: 80488 T&Cs www.80488.biz"
"ham","In the end she might still vomit but its okay. Not everything will come out."
"ham","I'm always on yahoo messenger now. Just send the message to me and i.ll get it you may have to send it in the mobile mode sha but i.ll get it. And will reply."
"spam","SMS. ac JSco: Energy is high, but u may not know where 2channel it. 2day ur leadership skills r strong. Psychic? Reply ANS w/question. End? Reply END JSCO"
"spam","HOT LIVE FANTASIES call now 08707509020 Just 20p per min NTT Ltd, PO Box 1327 Croydon CR9 5WB 0870 is a national rate call"
"ham","Ill be there on  &lt;#&gt;  ok."
"ham","Total video converter free download type this in google search:)"
"spam","Thanks for the Vote. Now sing along with the stars with Karaoke on your mobile. For a FREE link just reply with SING now."
"ham","Wen ur lovable bcums angry wid u, dnt take it seriously.. Coz being angry is d most childish n true way of showing deep affection, care n luv!.. kettoda manda... Have nice day da."
"ham","Pete,is this your phone still? Its Jenny from college and Leanne.what are you up to now?:)"
"ham","Oops sorry. Just to check that you don't mind picking me up tomo at half eight from station. Would that be ok?"
"ham","Hey sweet, I was wondering when you had a moment if you might come to me ? I want to send a file to someone but it won't go over yahoo for them because their connection sucks, remember when you set up that page for me to go to and download the format disc ? Could you tell me how to do that ? Or do you know some other way to download big files ? Because they can download stuff directly from the internet. Any help would be great, my prey ... *teasing kiss*"
"ham","I wonder if you'll get this text?"
"spam","Our brand new mobile music service is now live. The free music player will arrive shortly. Just install on your phone to browse content from the top artists."
"ham","Shall i ask one thing if you dont mistake me."
"spam","URGENT! Your Mobile No was awarded a £2,000 Bonus Caller Prize on 1/08/03! This is our 2nd attempt to contact YOU! Call 0871-4719-523 BOX95QU BT National Rate"
"ham","I thk u dun haf 2 hint in e forum already lor... Cos i told ron n darren is going 2 tell shuhui."
"ham","Pls pls find out from aunt nike."
"ham","Oh dang! I didn't mean o send that to you! Lol!"
"ham","Unfortunately i've just found out that we have to pick my sister up from the airport that evening so don't think i'll be going out at all. We should try to go out one of th"
"ham","Horrible bf... I now v hungry..."
"ham","Remember on that day.."
"spam","You have won a Nokia 7250i. This is what you get when you win our FREE auction. To take part send Nokia to 86021 now. HG/Suite342/2Lands Row/W1JHL 16+"
"spam","Hello from Orange. For 1 month's free access to games, news and sport, plus 10 free texts and 20 photo messages, reply YES. Terms apply: www.orange.co.uk/ow"
"ham","Good afternoon, my love ! Any job prospects ? Are you missing me ? What do you do ? Are you being lazy and bleak, hmmm ? Or happy and filled with my love ?"
"ham","Shant disturb u anymore... Jia you..."
"ham","Bishan lar nearer... No need buy so early cos if buy now i gotta park my car..."
"ham","Me, i dont know again oh"
"ham","Ok how you dear. Did you call chechi"
"ham","Yeah we do totes. When u wanna?"
"ham","Single line with a big meaning::::: ""Miss anything 4 ur ""Best Life"" but, don't miss ur best life for anything... Gud nyt..."
"ham","Dnt worry...use ice pieces in a cloth pack.also take 2 tablets."
"ham","Dude just saw a parked car with its sunroof popped up. Sux"
"ham","The  &lt;#&gt; g that i saw a few days ago, the guy wants sell wifi only for  &lt;#&gt;  and with 3g for  &lt;#&gt; . That's why i blanked him."
"ham","whatever, im pretty pissed off."
"ham","I dont have that much image in class."
"ham","No:-)i got rumour that you going to buy apartment in chennai:-)"
"spam","Ur cash-balance is currently 500 pounds - to maximize ur cash-in now send GO to 86688 only 150p/msg. CC 08718720201 HG/Suite342/2Lands Row/W1J6HL"
"spam","SMS AUCTION - A BRAND NEW Nokia 7250 is up 4 auction today! Auction is FREE 2 join & take part! Txt NOKIA to 86021 now! HG/Suite342/2Lands Row/W1J6HL"
"ham","My sis is catching e show in e afternoon so i'm not watching w her. So c u wan 2 watch today or tmr lor."
"ham","Remember all those whom i hurt during days of satanic imposter in me.need to pay a price,so be it.may destiny keep me going and as u said pray that i get the mind to get over the same."
"ham","How to Make a girl Happy? It's not at all difficult to make girls happy. U only need to be... 1. A friend 2. Companion 3. Lover 4. Chef . . .  &lt;#&gt; . Good listener  &lt;#&gt; . Organizer  &lt;#&gt; . Good boyfriend  &lt;#&gt; . Very clean  &lt;#&gt; . Sympathetic  &lt;#&gt; . Athletic  &lt;#&gt; . Warm . . .  &lt;#&gt; . Courageous  &lt;#&gt; . Determined  &lt;#&gt; . True  &lt;#&gt; . Dependable  &lt;#&gt; . Intelligent . . .  &lt;#&gt; . Psychologist  &lt;#&gt; . Pest exterminator  &lt;#&gt; . Psychiatrist  &lt;#&gt; . Healer . .  &lt;#&gt; . Stylist  &lt;#&gt; . Driver . . Aaniye pudunga venaam.."
"ham","I shall book chez jules for half eight, if that's ok with you?"
"ham","Sorry, I'll call later"
"ham","I was wondering if it would be okay for you to call uncle john and let him know that things are not the same in nigeria as they r here. That  &lt;#&gt;  dollars is 2years sent and that you know its a strain but i plan to pay back every dime he gives. Every dime so for me to expect anything from you is not practical. Something like that."
"ham","Dont search love, let love find U. Thats why its called falling in love, bcoz U dont force yourself, U just fall and U know there is smeone to hold U... BSLVYL"
"ham","At 4. Let's go to bill millers"
"ham","Will it help if we propose going back again tomorrow"
"spam","PRIVATE! Your 2003 Account Statement for shows 800 un-redeemed S. I. M. points. Call 08719899230 Identifier Code: 41685 Expires 07/11/04"
"ham","Never blame a day in ur life. Good days give u happiness. Bad days give u experience. Both are essential in life! All are Gods blessings! good morning.:"
"ham","Pls confirm the time to collect the cheque."
"spam","As a Registered Subscriber yr draw 4 a £100 gift voucher will b entered on receipt of a correct ans. When are the next olympics. Txt ans to 80062"
"spam","URGENT! Your Mobile number has been awarded with a £2000 prize GUARANTEED. Call 09061790121 from land line. Claim 3030. Valid 12hrs only 150ppm"
"ham","Daddy will take good care of you :)"
"ham","God picked up a flower and dippeditinaDEW, lovingly touched itwhichturnedinto u, and the he gifted tomeandsaid,THIS FRIEND IS 4U"
"ham","When you came to hostel."
"ham","You all ready for * big day tomorrow?"
"ham","645"
"spam","RT-KIng Pro Video Club>> Need help? info@ringtoneking.co.uk or call 08701237397 You must be 16+ Club credits redeemable at www.ringtoneking.co.uk! Enjoy!"
"ham","Thnx dude. u guys out 2nite?"
"ham","Fuck babe, I miss you sooooo much !! I wish you were here to sleep with me ... My bed is so lonely ... I go now, to sleep ... To dream of you, my love ..."
"ham","Living is very simple.. Loving is also simple.. Laughing is too simple.. Winning is tooo simple.. But, being 'SIMPLE' is very difficult.. Gud nte.:-"
"spam","U have a secret admirer who is looking 2 make contact with U-find out who they R*reveal who thinks UR so special-call on 09058094599"
"spam","500 free text msgs. Just text ok to 80488 and we'll credit your account"
"ham","Hi Dear Call me its urgnt. I don't know whats your problem. You don't want to work or if you have any other problem at least tell me. Wating for your reply."
"spam","You have been selected to stay in 1 of 250 top British hotels - FOR NOTHING! Holiday Worth £350! To Claim, Call London 02072069400. Bx 526, SW73SS"
"ham","Yesterday its with me only . Now am going home."
"spam","Eerie Nokia tones 4u, rply TONE TITLE to 8007 eg TONE DRACULA to 8007 Titles: GHOST, ADDAMSFA, MUNSTERS, EXORCIST, TWILIGHT www.getzed.co.uk POBox36504W45WQ 150p"
"ham","You have come into my life and brought the sun ..Shiny down on me, warming my heart. Putting a constant smile on my face ... Making me feel loved and cared for"
"ham","No shit, but I wasn't that surprised, so I went and spent the evening with that french guy I met in town here and we fooled around a bit but I didn't let him fuck me"
"spam","0A$NETWORKS allow companies to bill for SMS, so they are responsible for their ""suppliers"", just as a shop has to give a guarantee on what they sell. B. G."
"spam","FreeMsg:Feelin kinda lnly hope u like 2 keep me company! Jst got a cam moby wanna c my pic?Txt or reply DATE to 82242 Msg150p 2rcv Hlp 08712317606 stop to 82242"
"ham","Evening * v good if somewhat event laden. Will fill you in, don't you worry … Head * ok but throat * wrecked. See you at six then!"
"spam","For ur chance to win a £250 cash every wk TXT: ACTION to 80608. T's&C's www.movietrivia.tv custcare 08712405022, 1x150p/wk"
"ham","I was at bugis juz now wat... But now i'm walking home oredi... Ü so late then reply... I oso saw a top dat i like but din buy... Where r ü now?"
"spam","RGENT! This is the 2nd attempt to contact U!U have WON £1250 CALL 09071512433 b4 050703 T&CsBCM4235WC1N3XX. callcost 150ppm mobilesvary. max£7. 50"
"ham","Yeah, where's your class at?"
"ham","No just send to you. Bec you in temple na."
"spam","Hi if ur lookin 4 saucy daytime fun wiv busty married woman Am free all next week Chat now 2 sort time 09099726429 JANINExx Calls£1/minMobsmoreLKPOBOX177HP51FL"
"ham","Guess who spent all last night phasing in and out of the fourth dimension"
"ham","Lmao!nice 1"
"ham","Glad to see your reply."
"spam","URGENT! We are trying to contact U. Todays draw shows that you have won a £800 prize GUARANTEED. Call 09050001295 from land line. Claim A21. Valid 12hrs only"
"spam","Monthly password for wap. mobsi.com is 391784. Use your wap phone not PC."
"ham","Today is ""song dedicated day.."" Which song will u dedicate for me? Send this to all ur valuable frnds but first rply me..."
"ham","HI BABE U R MOST LIKELY TO BE IN BED BUT IM SO SORRY ABOUT TONIGHT! I REALLY WANNA SEE U TOMORROW SO CALL ME AT 9. LOVE ME XXX"
"ham","Already am squatting is the new way of walking"
"ham","Cramps stopped. Going back to sleep"
"spam","todays vodafone numbers ending with 0089(my last four digits) are selected to received a £350 award. If your number matches please call 09063442151 to claim your £350 award"
"spam","Free Top ringtone -sub to weekly ringtone-get 1st week free-send SUBPOLY to 81618-?3 per week-stop sms-08718727870"
"ham","Bring tat cd don forget"
"spam","Sunshine Quiz Wkly Q! Win a top Sony DVD player if u know which country the Algarve is in? Txt ansr to 82277. £1.50 SP:Tyrone"
"ham","Weightloss! No more girl friends. Make loads of money on ebay or something. And give thanks to God."
"ham","Sorry man, my stash ran dry last night and I can't pick up more until sunday"
"spam","Free msg. Sorry, a service you ordered from 81303 could not be delivered as you do not have sufficient credit. Please top up to receive the service."
"ham","Ok..."
"ham","Yun ah.now ü wkg where?btw if ü go nus sc. Ü wana specialise in wad?"
"ham","Yes! I am a one woman man! Please tell me your likes and dislikes in bed..."
"ham","How's my loverboy doing ? What does he do that keeps him from coming to his Queen, hmmm ? Doesn't he ache to speak to me ? Miss me desparately ?"
"ham","(No promises on when though, haven't even gotten dinner yet)"
"ham","o turns out i had stereo love on mi phone under the unknown album."
"spam","Hard LIVE 121 chat just 60p/min. Choose your girl and connect LIVE. Call 09094646899 now! Cheap Chat UK's biggest live service. VU BCM1896WC1N3XX"
"ham","Sorry about earlier. Putting out fires.Are you around to talk after 9? Or do you actually have a life, lol!"
"spam","WOW! The Boys R Back. TAKE THAT 2007 UK Tour. Win VIP Tickets & pre-book with VIP Club. Txt CLUB to 81303. Trackmarque Ltd info@vipclub4u."
"ham","Hi Jon, Pete here, Ive bin 2 Spain recently & hav sum dinero left, Bill said u or ur rents mayb interested in it, I hav 12,000pes, so around £48, tb, James."
"ham","There bold 2  &lt;#&gt; . Is that yours"
"ham","You know there is. I shall speak to you in  &lt;#&gt;  minutes then"
"spam","Hi, this is Mandy Sullivan calling from HOTMIX FM...you are chosen to receive £5000.00 in our Easter Prize draw.....Please telephone 09041940223 to claim before 29/03/05 or your prize will be transferred to someone else...."
"ham","I will come tomorrow di"
"ham","I cant pick the phone right now. Pls send a message"
"ham","K go and sleep well. Take rest:-)."
"spam","UR GOING 2 BAHAMAS! CallFREEFONE 08081560665 and speak to a live operator to claim either Bahamas cruise of£2000 CASH 18+only. To opt out txt X to 07786200117"
"ham","I love to wine and dine my lady!"
"spam","Someone has conacted our dating service and entered your phone because they fancy you!To find out who it is call from landline 09111030116. PoBox12n146tf15"
"ham","Im cool ta luv but v.tired 2 cause i have been doin loads of planning all wk, we have got our social services inspection at the nursery! Take care & spk sn x."
"ham","I think u have the wrong number."
"ham","Sorry i'm not free..."
"ham","Do u ever get a song stuck in your head for no reason and it won't go away til u listen to it like 5 times?"
"ham","Joy's father is John. Then John is the NAME of Joy's father. Mandan"
"spam","Hi 07734396839 IBH Customer Loyalty Offer: The NEW NOKIA6600 Mobile from ONLY £10 at TXTAUCTION!Txt word:START to No:81151 & get Yours Now!4T&"
"spam","SMS AUCTION You have won a Nokia 7250i. This is what you get when you win our FREE auction. To take part send Nokia to 86021 now. HG/Suite342/2Lands Row/W1JHL 16+"
"spam","Call FREEPHONE 0800 542 0578 now!"
"spam","Buy Space Invaders 4 a chance 2 win orig Arcade Game console. Press 0 for Games Arcade (std WAP charge) See o2.co.uk/games 4 Terms + settings. No purchase"
"spam","Loan for any purpose £500 - £75,000. Homeowners + Tenants welcome. Have you been previously refused? We can still help. Call Free 0800 1956669 or text back 'help'"
"spam","BIG BROTHER ALERT! The computer has selected u for 10k cash or #150 voucher. Call 09064018838. NTT PO Box CRO1327 18+ BT Landline Cost 150ppm mobiles vary"
"ham","No dear i do have free messages without any recharge. Hi hi hi"
"spam","WIN: We have a winner! Mr. T. Foley won an iPod! More exciting prizes soon, so keep an eye on ur mobile or visit www.win-82050.co.uk"
"ham","Hey, can you tell me blake's address? Carlos wanted me to meet him there but I got lost and he's not answering his phone"
"ham","Can i get your opinion on something first?"
"ham","That one week leave i put know that time. Why."
"ham","excellent. I spent  &lt;#&gt;  years in the Air Force. Iraq and afghanistan. I am stable and honest. do you like traveling?"
"ham","Ok lor thanx... Ü in school?"
"ham","God bless.get good sleep my dear...i will pray!"
"spam","Todays Voda numbers ending 1225 are selected to receive a £50award. If you have a match please call 08712300220 quoting claim code 3100 standard rates app"
"ham","Do have a nice day today. I love you so dearly."
"ham","Aiyo a bit pai seh ü noe... Scared he dun rem who i am then die... Hee... But he become better lookin oredi leh..."
"ham","Do ü all wan 2 meet up n combine all the parts? How's da rest of da project going?"
"ham","Yes we are chatting too."
"ham","HI ITS JESS I DONT KNOW IF YOU ARE AT WORK BUT CALL ME WHEN U CAN IM AT HOME ALL EVE. XXX"
"ham","Sian... Aft meeting supervisor got work 2 do liao... U working now?"
"ham","Are you going to write ccna exam this week??"
"ham","Dunno dat's wat he told me. Ok lor..."
"ham","I'll probably be by tomorrow (or even later tonight if something's going on)"
"ham","If you're thinking of lifting me one then no."
"ham","Same as u... Dun wan... Y u dun like me already ah... Wat u doing now? Still eating?"
"ham","Wat makes some people dearer is not just de happiness dat u feel when u meet them but de pain u feel when u miss dem!!!"
"ham","Dude. What's up. How Teresa. Hope you have been okay. When i didnt hear from these people, i called them and they had received the package since dec  &lt;#&gt; . Just thot you'ld like to know. Do have a fantastic year and all the best with your reading. Plus if you can really really Bam first aid for Usmle, then your work is done."
"ham","Hey gorgeous man. My work mobile number is. Have a good one babe. Squishy Mwahs."
"spam","Hottest pics straight to your phone!! See me getting Wet and Wanting, just for you xx Text PICS to 89555 now! txt costs 150p textoperator g696ga 18 XxX"
"ham","And how's your husband."
"spam","Hack Chat. Get backdoor entry into 121 chat rooms at a fraction of the cost. Reply NEO69 or call 09050280520, to subscribe 25p pm. DPS, Bcm box 8027 Ldn, wc1n3xx"
"ham","Yeah. I got a list with only u and Joanna if I'm feeling really anti social"
"ham","I am in your office na."
"ham","Hi. || Do u want | to join me with sts later? || Meeting them at five. || Call u after class."
"spam","FREE NOKIA Or Motorola with upto 12mths 1/2price linerental, 500 FREE x-net mins&100txt/mth FREE B'tooth*. Call Mobileupd8 on 08001950382 or call 2optout/D3WV"
"spam","This is the 2nd time we have tried 2 contact u. U have won the 750 Pound prize. 2 claim is easy, call 08718726970 NOW! Only 10p per min. BT-national-rate"
"ham","I hate when she does this. She turns what should be a fun shopping trip into an annoying day of how everything would look in her house."
"ham","Sir, i am waiting for your call."
"ham","The last thing i ever wanted to do was hurt you. And i didn't think it would have. You'd laugh, be embarassed, delete the tag and keep going. But as far as i knew, it wasn't even up. The fact that you even felt like i would do it to hurt you shows you really don't know me at all. It was messy wednesday, but it wasn't bad. The problem i have with it is you HAVE the time to clean it, but you choose not to. You skype, you take pictures, you sleep, you want to go out. I don't mind a few things here and there, but when you don't make the bed, when you throw laundry on top of it, when i can't have a friend in the house because i'm embarassed that there's underwear and bras strewn on the bed, pillows on the floor, that's something else. You used to be good about at least making the bed."
"ham","I'll let you know when it kicks in"
"ham","You call him now ok i said call him"
"ham","Call to the number which is available in appointment. And ask to connect the call to waheed fathima."
"ham","Mmmm ... Fuck ... Not fair ! You know my weaknesses ! *grins* *pushes you to your knee's* *exposes my belly and pulls your head to it* Don't forget ... I know yours too *wicked smile*"
"ham","Mom wants to know where you at"
"ham","Aight, I'll text you when I'm back"
"ham","Dont know supports ass and srt i thnk. I think ps3 can play through usb too"
"ham","Oh ok i didnt know what you meant. Yep i am baby jontin"
"spam","You have WON a guaranteed £1000 cash or a £2000 prize.To claim yr prize call our customer service representative on"
"spam","Would you like to see my XXX pics they are so hot they were nearly banned in the uk!"
"spam","HMV BONUS SPECIAL 500 pounds of genuine HMV vouchers to be won. Just answer 4 easy questions. Play Now! Send HMV to 86688 More info:www.100percent-real.com"
"spam","U have a secret admirer who is looking 2 make contact with U-find out who they R*reveal who thinks UR so special-call on 09058094594"
"ham","Come to me, slave. Your doing it again ... Going into your shell and unconsciously avoiding me ... You are making me unhappy :-("
"spam","Dear 0776xxxxxxx U've been invited to XCHAT. This is our final attempt to contact u! Txt CHAT to 86688 150p/MsgrcvdHG/Suite342/2Lands/Row/W1J6HL LDN 18yrs"
"spam","Urgent! Please call 09061743811 from landline. Your ABTA complimentary 4* Tenerife Holiday or £5000 cash await collection SAE T&Cs Box 326 CW25WX 150ppm"
"ham","Probably earlier than that if the station's where I think it is"
"spam","CALL 09090900040 & LISTEN TO EXTREME DIRTY LIVE CHAT GOING ON IN THE OFFICE RIGHT NOW TOTAL PRIVACY NO ONE KNOWS YOUR [sic] LISTENING 60P MIN 24/7MP 0870753331018+"
"spam","FreeMsg Hey U, i just got 1 of these video/pic fones, reply WILD to this txt & ill send U my pics, hurry up Im so bored at work xxx (18 150p/rcvd STOP2stop)"
"ham","Uh, heads up we don't have THAT much left"
"ham","Wat would u like 4 ur birthday?"
"spam","Free entry in 2 a weekly comp for a chance to win an ipod. Txt POD to 80182 to get entry (std txt rate) T&C's apply 08452810073 for details 18+"
"ham","There're some people by mu, I'm at the table by lambda"
"ham","ELLO BABE U OK?"
"ham","Becoz its  &lt;#&gt;  jan whn al the post ofice is in holiday so she cn go fr the post ofice...got it duffer"
"ham","You want to go?"
"spam","New TEXTBUDDY Chat 2 horny guys in ur area 4 just 25p Free 2 receive Search postcode or at gaytextbuddy.com. TXT ONE name to 89693. 08715500022 rpl Stop 2 cnl"
"ham","Fffff. Can you text kadeem or are you too far gone"
"ham","Is fujitsu s series lifebook good?"
"ham","Yar i wanted 2 scold u yest but late already... I where got zhong se qing you? If u ask me b4 he ask me then i'll go out w u all lor. N u still can act so real."
"ham","Dont know you bring some food"
"ham","Ok"
"ham","Dont give a monkeys wot they think and i certainly don't mind. Any friend of mine&all that! Just don't sleep wiv , that wud be annoyin!"
"spam","Call from 08702490080 - tells u 2 call 09066358152 to claim £5000 prize. U have 2 enter all ur mobile & personal details @ the prompts. Careful!"
"spam","Free 1st week entry 2 TEXTPOD 4 a chance 2 win 40GB iPod or £250 cash every wk. Txt VPOD to 81303 Ts&Cs www.textpod.net custcare 08712405020."
"ham","Jus finished avatar nigro"
"ham","My planning usually stops at ""find hella weed, smoke hella weed"""
"ham","Excellent! Are you ready to moan and scream in ecstasy?"
"spam","More people are dogging in your area now. Call 09090204448 and join like minded guys. Why not arrange 1 yourself. There's 1 this evening. A£1.50 minAPN LS278BB"
"ham","Dude avatar 3d was imp. At one point i thought there were actually flies in the room and almost tried hittng one as a reflex"
"spam","WELL DONE! Your 4* Costa Del Sol Holiday or £5000 await collection. Call 09050090044 Now toClaim. SAE, TCs, POBox334, Stockport, SK38xh, Cost£1.50/pm, Max10mins"
"ham","Can ü call me at 10:10 to make sure dat i've woken up..."
"ham","Hey we can go jazz power yoga hip hop kb and yogasana"
"ham","Haha... Really oh no... How? Then will they deduct your lesson tmr?"
"spam","Guess what! Somebody you know secretly fancies you! Wanna find out who it is? Give us a call on 09065394973 from Landline DATEBox1282EssexCM61XN 150p/min 18"
"spam","it to 80488. Your 500 free text messages are valid until 31 December 2005."
"ham","Even i cant close my eyes you are in me our vava playing umma :-D"
"spam","You have won a guaranteed £200 award or even £1000 cashto claim UR award call free on 08000407165 (18+) 2 stop getstop on 88222 PHP"
"ham","I had askd u a question some hours before. Its answer"
"spam","Reply to win £100 weekly! Where will the 2006 FIFA World Cup be held? Send STOP to 87239 to end service"
"ham","No I'm in the same boat. Still here at my moms. Check me out on yo. I'm half naked."
"ham","Shhhhh nobody is supposed to know!"
"ham","Sorry, I'll call later in meeting any thing related to trade please call Arul. &lt;#&gt;"
"ham","Hey i will be late... i'm at amk. Need to drink tea or coffee"
"ham","I wnt to buy a BMW car urgently..its vry urgent.but hv a shortage of  &lt;#&gt; Lacs.there is no source to arng dis amt. &lt;#&gt; lacs..thats my prob"
"spam","Urgent! Please call 09061743810 from landline. Your ABTA complimentary 4* Tenerife Holiday or #5000 cash await collection SAE T&Cs Box 326 CW25WX 150 ppm"
"ham","The length is e same but e top shorter n i got a fringe now. I thk i'm not going liao. Too lazy. Dun wan 2 distract u also."
"ham","S..antha num corrct dane"
"ham","No calls..messages..missed calls"
"ham","Sorry, I'll call later"
"ham","HI DARLIN IVE JUST GOT BACK AND I HAD A REALLY NICE NIGHT AND THANKS SO MUCH FOR THE LIFT SEE U TOMORROW XXX"
"spam","Free tones Hope you enjoyed your new content. text stop to 61610 to unsubscribe. help:08712400602450p Provided by tones2you.co.uk"
"ham","But i'll b going 2 sch on mon. My sis need 2 take smth."
"ham","Idea will soon get converted to live:)"
"spam","TheMob>Yo yo yo-Here comes a new selection of hot downloads for our members to get for FREE! Just click & open the next link sent to ur fone..."
"ham","Can't take any major roles in community outreach. You rock mel"
"ham","Shopping lor. Them raining mah hard 2 leave orchard."
"ham","Beautiful Truth against Gravity.. Read carefully: ""Our heart feels light when someone is in it.. But it feels very heavy when someone leaves it.."" GOODMORNING"
"spam","Great News! Call FREEFONE 08006344447 to claim your guaranteed £1000 CASH or £2000 gift. Speak to a live operator NOW!"
"ham","Princess, is your kitty shaved or natural?"
"spam","U can WIN £100 of Music Gift Vouchers every week starting NOW Txt the word DRAW to 87066 TsCs www.ldew.com SkillGame,1Winaweek, age16.150ppermessSubscription"
"ham","U having lunch alone? I now so bored..."
"ham","Yes obviously, but you are the eggs-pert and the potato head… Speak soon!"
"ham","Kallis is ready for bat in 2nd innings"
"ham","IM GONNA MISS U SO MUCH"
"ham","Dont pack what you can buy at any store.like cereals. If you must pack food, pack gari or something 9ja that you will miss."
"ham","Ü dun wan to watch infernal affair?"
"spam","4mths half price Orange line rental & latest camera phones 4 FREE. Had your phone 11mths ? Call MobilesDirect free on 08000938767 to update now! or2stoptxt"
"ham","I can send you a pic if you like :)"
"ham","No de. But call me after some time. Ill tell you k"
"ham","How much is blackberry bold2 in nigeria."
"spam","Call 09094100151 to use ur mins! Calls cast 10p/min (mob vary). Service provided by AOM, just GBP5/month. AOM Box61,M60 1ER until u stop. Ages 18+ only!"
"ham","Sir, I am waiting for your mail."
"ham","Nothing, i got msg frm tht unknown no.."
"ham","I did. One slice and one breadstick. Lol"
"spam","URGENT! Your mobile No *********** WON a £2,000 Bonus Caller Prize on 02/06/03! This is the 2nd attempt to reach YOU! Call 09066362220 ASAP! BOX97N7QP, 150ppm"
"ham","Then. You are eldest know."
"spam","Eerie Nokia tones 4u, rply TONE TITLE to 8007 eg TONE DRACULA to 8007 Titles: GHOST, ADDAMSFA, MUNSTERS, EXORCIST, TWILIGHT www.getzed.co.uk POBox36504W45WQ 150p"
"spam","Sexy Singles are waiting for you! Text your AGE followed by your GENDER as wither M or F E.G.23F. For gay men text your AGE followed by a G. e.g.23G."
"spam","FreeMsg: Claim ur 250 SMS messages-Text OK to 84025 now!Use web2mobile 2 ur mates etc. Join Txt250.com for 1.50p/wk. T&C BOX139, LA32WU. 16 . Remove txtX or stop"
"ham","Yar lor actually we quite fast... Cos da ge slow wat... Haha..."
"ham","Trust me. Even if isn't there, its there."
"ham","Hey hun-onbus goin 2 meet him. He wants 2go out 4a meal but I donyt feel like it cuz have 2 get last bus home!But hes sweet latelyxxx"
"spam","85233 FREE>Ringtone!Reply REAL"
"ham","I can take you at like noon"
"ham","Where is it. Is there any opening for mca."
"ham","I'm aight. Wat's happening on your side."
"ham","How are you. Wish you a great semester"
"ham","""alright babe, justthought id sayhey! how u doin?nearly the endof me wk offdam nevamind!We will have 2Hook up sn if uwant m8? loveJen x."""
"spam","Well done ENGLAND! Get the official poly ringtone or colour flag on yer mobile! text TONE or FLAG to 84199 NOW! Opt-out txt ENG STOP. Box39822 W111WX £1.50"
"ham","Oh, my love, it's soooo good to hear from you. Omg I missed you so much today. I'm sorry your having problems with the provider but thank you for tming me"
"spam","Final Chance! Claim ur £150 worth of discount vouchers today! Text YES to 85023 now! SavaMob, member offers mobile! T Cs SavaMob POBOX84, M263UZ. £3.00 Subs 16"
"spam","PRIVATE! Your 2004 Account Statement for 07742676969 shows 786 unredeemed Bonus Points. To claim call 08719180248 Identifier Code: 45239 Expires"
"ham","Are you the cutest girl in the world or what"
"ham","No dice, art class 6 thru 9 :( thanks though. Any idea what time I should come tomorrow?"
"spam","SMS SERVICES. for your inclusive text credits, pls goto www.comuk.net login= ***** unsubscribe with STOP. no extra charge. help:08700469649. PO BOX420. IP4 5WE"
"ham","Oh Howda gud gud.. Mathe en samachara chikku:-)"
"ham","Hmmm ... And imagine after you've come home from that having to rub my feet, make me dinner and help me get ready for my date ! Are you sure your ready for that kind of life ?"
"spam","FREE2DAY sexy St George's Day pic of Jordan!Txt PIC to 89080 dont miss out, then every wk a saucy celeb!4 more pics c PocketBabe.co.uk 0870241182716 £3/wk"
"spam","You are a winner you have been specially selected to receive £1000 cash or a £2000 award. Speak to a live operator to claim call 087123002209am-7pm. Cost 10p"
"spam","Sunshine Hols. To claim ur med holiday send a stamped self address envelope to Drinks on Us UK, PO Box 113, Bray, Wicklow, Eire. Quiz Starts Saturday! Unsub Stop"
"ham","Well I wasn't available as I washob nobbing with last night so they had to ask Nickey Platt instead of me!;"
"spam","U can WIN £100 of Music Gift Vouchers every week starting NOW Txt the word DRAW to 87066 TsCs www.Idew.com SkillGame, 1Winaweek, age16. 150ppermessSubscription"
"ham","I hope you know I'm still mad at you."
"spam","+123 Congratulations - in this week's competition draw u have won the £1450 prize to claim just call 09050002311 b4280703. T&Cs/stop SMS 08718727868. Over 18 only 150ppm"
"ham","Sorry im getting up now, feel really bad- totally rejected that kinda me thing."
"ham","You do got a shitload of diamonds though"
"ham","Well I'm going to be an aunty!"
"ham","Mine here like all fr china then so noisy."
"spam","Your B4U voucher w/c 27/03 is MARSMS. Log onto www.B4Utele.com for discount credit. To opt out reply stop. Customer care call 08717168528"
"ham","Spoke with uncle john today. He strongly feels that you need to sacrifice to keep me here. He's going to call you. When he does, i beg you to just listen. Dont make any promises or make it clear things are not easy. And i need you to please let us work things out. As long as i keep expecting help, my creativity will be stifled so pls just keep him happy, no promises on your part."
"ham","If he started searching he will get job in few days.he have great potential and talent."
"ham","After the drug she will be able to eat."
"spam","FreeMsg: Hey - I'm Buffy. 25 and love to satisfy men. Home alone feeling randy. Reply 2 C my PIX! QlynnBV Help08700621170150p a msg Send stop to stop txts"
"spam","Sunshine Hols. To claim ur med holiday send a stamped self address envelope to Drinks on Us UK, PO Box 113, Bray, Wicklow, Eire. Quiz Starts Saturday! Unsub Stop"
"ham","Ok. Can be later showing around 8-8:30 if you want + cld have drink before. Wld prefer not to spend money on nosh if you don't mind, as doing that nxt wk."
"ham","I surely dont forgot to come:)i will always be in touch in with you:-)"
"ham","Hi kindly give us back our documents which we submitted for loan from STAPATI"
"ham","I dont have i shall buy one dear"
"ham","Oh god i am happy to see your message after 3 days"
"ham","Hey cutie. How goes it? Here in WALES its kinda ok. There is like hills and shit but i still avent killed myself."
"spam","FREE for 1st week! No1 Nokia tone 4 ur mob every week just txt NOKIA to 87077 Get txting and tell ur mates. zed POBox 36504 W45WQ norm150p/tone 16+"
"ham","No. Its not specialisation. Can work but its slave labor. Will look for it this month sha cos no shakara 4 beggar."
"ham","1) Go to write msg 2) Put on Dictionary mode 3)Cover the screen with hand, 4)Press  &lt;#&gt; . 5)Gently remove Ur hand.. Its interesting..:)"
"ham","hi my darlin im on my way to London and we have just been smashed into by another driver! and have a big dent! im really missing u what have u been up to? xxx"
"ham","I'm not coming home 4 dinner."
"spam","Shop till u Drop, IS IT YOU, either 10K, 5K, £500 Cash or £100 Travel voucher, Call now, 09064011000. NTT PO Box CR01327BT fixedline Cost 150ppm mobile vary"
"ham","I wont. So wat's wit the guys"
"ham","Chinatown got porridge, claypot rice, yam cake, fishhead beehoon... Either we eat cheap den go cafe n tok or go nydc or somethin..."
"spam","FREE camera phones with linerental from 4.49/month with 750 cross ntwk mins. 1/2 price txt bundle deals also avble. Call 08001950382 or call2optout/J MF"
"ham","Yup i shd haf ard 10 pages if i add figures... Ü all got how many pages?"
"ham","V-aluable. A-ffectionate. L-oveable. E-ternal. N-oble. T-ruthful. I-ntimate. N-atural. E-namous. Happy ""VALENTINES DAY"" in advance"
"ham","Bring it if you got it"
"ham","(And my man carlos is definitely coming by mu tonight, no excuses)"
"spam","URGENT! Your mobile No 07xxxxxxxxx won a £2,000 bonus caller prize on 02/06/03! this is the 2nd attempt to reach YOU! call 09066362231 ASAP! BOX97N7QP, 150PPM"
"spam","URGENT!! Your 4* Costa Del Sol Holiday or £5000 await collection. Call 09050090044 Now toClaim. SAE, TC s, POBox334, Stockport, SK38xh, Cost£1.50/pm, Max10mins"
"ham","Just wanted to say holy shit you guys weren't kidding about this bud"
"ham","Just gettin a bit arty with my collages at the mo, well tryin 2 ne way! Got a roast in a min lovely i shall enjoy that!"
"ham","Ok then i'll let him noe later n ask him call u tmr..."
"spam","You have WON a guaranteed £1000 cash or a £2000 prize. To claim yr prize call our customer service representative on 08714712379 between 10am-7pm Cost 10p"
"ham","But really quite funny lor wat... Then u shd haf run shorter distance wat..."
"ham","I notice you like looking in the shit mirror youre turning into a right freak"
"ham","Great. I was getting worried about you. Just know that a wonderful and caring person like you will have only the best in life. Know that u r wonderful and God's love is yours."
"spam","Thanks for your ringtone order, ref number K718. Your mobile will be charged £4.50. Should your tone not arrive please call customer services on 09065069120"
"ham","Oh k.k..where did you take test?"
"ham","Hey... Thk we juz go accordin to wat we discussed yest lor, except no kb on sun... Cos there's nt much lesson to go if we attend kb on sat..."
"ham","Good Morning plz call me sir"
"ham","What's your room number again? Wanna make sure I'm knocking on the right door"
"ham","""Si.como no?!listened2the plaid album-quite gd&the new air1 which is hilarious-also boughtbraindancea comp.ofstuff on aphexs ;abel,u hav2hear it!c u sn xxxx"""
"ham","Think you sent the text to the home phone. That cant display texts. If you still want to send it his number is"
"ham","U buy newspapers already?"
"spam","Hi ya babe x u 4goten bout me?' scammers getting smart..Though this is a regular vodafone no, if you respond you get further prem rate msg/subscription. Other nos used also. Beware!"
"spam","Back 2 work 2morro half term over! Can U C me 2nite 4 some sexy passion B4 I have 2 go back? Chat NOW 09099726481 Luv DENA Calls £1/minMobsmoreLKPOBOX177HP51FL"
"spam","Thanks for your ringtone order, ref number R836. Your mobile will be charged £4.50. Should your tone not arrive please call customer services on 09065069154"
"ham","Den wat will e schedule b lk on sun?"
"ham","Sad story of a Man - Last week was my b'day. My Wife did'nt wish me. My Parents forgot n so did my Kids . I went to work. Even my Colleagues did not wish."
"spam","SplashMobile: Choose from 1000s of gr8 tones each wk! This is a subscrition service with weekly tones costing 300p. U have one credit - kick back and ENJOY"
"spam","Not heard from U4 a while. Call 4 rude chat private line 01223585334 to cum. Wan 2C pics of me gettin shagged then text PIX to 8552. 2End send STOP 8552 SAM xxx"
"ham","I cant pick the phone right now. Pls send a message"
"spam","<Forwarded from 88877>FREE entry into our £250 weekly comp just send the word ENTER to 88877 NOW. 18 T&C www.textcomp.com"
"spam","88066 FROM 88066 LOST 3POUND HELP"
"ham","U know we watchin at lido?"
"ham","Life spend with someone for a lifetime may be meaningless but a few moments spent with someone who really love you means more than life itself.."
"ham","Haha awesome, I've been to 4u a couple times. Who all's coming?"
"ham","Think I could stop by in like an hour or so? My roommate's looking to stock up for a trip"
"ham","Is that on the telly? No its Brdget Jones!"
"ham","Love you aathi..love u lot.."
"ham","Hello! How r u? Im bored. Inever thought id get bored with the tv but I am. Tell me something exciting has happened there? Anything! =/"
"spam","Had your mobile 11mths ? Update for FREE to Oranges latest colour camera mobiles & unlimited weekend calls. Call Mobile Upd8 on freefone 08000839402 or 2StopTx"
"ham","Remind me how to get there and I shall do so"
"spam","You have 1 new message. Please call 08718738034."
"spam","<Forwarded from 21870000>Hi - this is your Mailbox Messaging SMS alert. You have 4 messages. You have 21 matches. Please call back on 09056242159 to retrieve your messages and matches"
"spam","Congrats! 1 year special cinema pass for 2 is yours. call 09061209465 now! C Suprman V, Matrix3, StarWars3, etc all 4 FREE! bx420-ip4-5we. 150pm. Dont miss out!"
"ham","Nothin comes to my mind. Ü help me buy hanger lor. Ur laptop not heavy?"
"ham","We can make a baby in yo tho"
"ham","Still in the area of the restaurant. Ill try to come back soon"
"spam","WIN a year supply of CDs 4 a store of ur choice worth £500 & enter our £100 Weekly draw txt MUSIC to 87066 Ts&Cs www.Ldew.com.subs16+1win150ppmx3"
"spam","Moby Pub Quiz.Win a £100 High Street prize if u know who the new Duchess of Cornwall will be? Txt her first name to 82277.unsub STOP £1.50 008704050406 SP Arrow"
"spam","You have won a Nokia 7250i. This is what you get when you win our FREE auction. To take part send Nokia to 86021 now. HG/Suite342/2Lands Row/W1JHL 16+"
"spam","Congratulations! Thanks to a good friend U have WON the £2,000 Xmas prize. 2 claim is easy, just call 08718726971 NOW! Only 10p per minute. BT-national-rate."
"spam","tddnewsletter@emc1.co.uk (More games from TheDailyDraw) Dear Helen, Dozens of Free Games - with great prizesWith.."
"ham","So what do you guys do."
"ham","That's cause your old. I live to be high."
"ham","Waqt se pehle or naseeb se zyada kisi ko kuch nahi milta,Zindgi wo nahi he jo hum sochte hai Zindgi wo hai jo ham jeetey hai.........."
"ham","Apps class varaya elaya."
"spam","URGENT! Your mobile number *************** WON a £2000 Bonus Caller prize on 10/06/03! This is the 2nd attempt to reach you! Call 09066368753 ASAP! Box 97N7QP, 150ppm"
"ham","That day you asked about anand number. Why:-)"
"ham","Am surfing online store. For offers do you want to buy any thing."
"ham","Long beach lor. Expected... U having dinner now?"
"ham","We are both fine. Thanks"
"ham","Tell your friends what you plan to do on Valentines day @ &lt;URL&gt;"
"ham","Cheers for the message Zogtorius. Ive been staring at my phone for an age deciding whether to text or not."
"spam","Double your mins & txts on Orange or 1/2 price linerental - Motorola and SonyEricsson with B/Tooth FREE-Nokia FREE Call MobileUpd8 on 08000839402 or2optout/HV9D"
"ham","Yar else i'll thk of all sorts of funny things."
"spam","Download as many ringtones as u like no restrictions, 1000s 2 choose. U can even send 2 yr buddys. Txt Sir to 80082 £3"
"spam","Please CALL 08712402902 immediately as there is an urgent message waiting for you."
"ham","R we going with the  &lt;#&gt;  bus?"
"ham","Hello, my love ! How went your day ? Are you alright ? I think of you, my sweet and send a jolt to your heart to remind you ... I LOVE YOU! Can you hear it ? I screamed it across the sea for all the world to hear. Ahmad al Hallaq is loved ! and owned ! *possessive passionate kiss*"
"ham","Okay same with me. Well thanks for the clarification"
"spam","Spook up your mob with a Halloween collection of a logo & pic message plus a free eerie tone, txt CARD SPOOK to 8007 zed 08701417012150p per logo/pic"
"spam","Fantasy Football is back on your TV. Go to Sky Gamestar on Sky Active and play £250k Dream Team. Scoring starts on Saturday, so register now!SKY OPT OUT to 88088"
"ham","Ok then no need to tell me anything i am going to sleep good night"
"ham","Ok try to do week end course in coimbatore."
"spam","Tone Club: Your subs has now expired 2 re-sub reply MONOC 4 monos or POLYC 4 polys 1 weekly @ 150p per week Txt STOP 2 stop This msg free Stream 0871212025016"
"ham","V nice! Off 2 sheffield tom 2 air my opinions on categories 2 b used 2 measure ethnicity in next census. Busy transcribing. :-)"
"spam","XMAS Prize draws! We are trying to contact U. Todays draw shows that you have won a £2000 prize GUARANTEED. Call 09058094565 from land line. Valid 12hrs only"
"spam","YES! The only place in town to meet exciting adult singles is now in the UK. Txt CHAT to 86688 now! 150p/Msg."
"ham","Hi, Mobile no.  &lt;#&gt;  has added you in their contact list on www.fullonsms.com It s a great place to send free sms to people For more visit fullonsms.com"
"spam","Someone has contacted our dating service and entered your phone becausethey fancy you! To find out who it is call from a landline 09058098002. PoBox1, W14RG 150p"
"ham","First has she gained more than  &lt;#&gt; kg since she took in. Second has she done the blood sugar tests. If she has and its ok and her blood pressure is within normal limits then no worries"
"ham","Thanks da thangam, i feel very very happy dear. I also miss you da."
"ham","Okey doke. I'm at home, but not dressed cos laying around ill! Speak to you later bout times and stuff."
"ham","Babe, I'm back ... Come back to me ..."
"ham","YO YO YO BYATCH WHASSUP?"
"spam","Babe: U want me dont u baby! Im nasty and have a thing 4 filthyguys. Fancy a rude time with a sexy bitch. How about we go slo n hard! Txt XXX SLO(4msgs)"
"ham","Oh oh... Wasted... Den muz chiong on sat n sun liao..."
"ham","I'm meeting Darren..."
"ham","One of best dialogue in cute reltnship..!! ""Wen i Die, Dont Come Near My Body..!! Bcoz My Hands May Not Come 2 Wipe Ur Tears Off That Time..!Gud ni8"
"ham","Dear where you will be when i reach there"
"ham","Come to me right now, Ahmad"
"spam","I don't know u and u don't know me. Send CHAT to 86688 now and let's find each other! Only 150p/Msg rcvd. HG/Suite342/2Lands/Row/W1J6HL LDN. 18 years or over."
"ham","Lol please do. Actually send a pic of yourself right now. I wanna see. Pose with a comb and hair dryer or something."
"ham","Oh... Lk tt den we take e one tt ends at cine lor... Dun wan yogasana oso can..."
"spam","SMS SERVICES For your inclusive text credits pls gotto www.comuk.net login 3qxj9 unsubscribe with STOP no extra charge help 08702840625 comuk.220cm2 9AE"
"ham","Err... Cud do. I'm going to  at 8pm. I haven't got a way to contact him until then."
"ham","A bloo bloo bloo I'll miss the first bowl"
"ham","Lmao but its so fun..."
"spam","Valentines Day Special! Win over £1000 in our quiz and take your partner on the trip of a lifetime! Send GO to 83600 now. 150p/msg rcvd. CustCare:08718720201"
"spam","Guess who am I?This is the first time I created a web page WWW.ASJESUS.COM read all I wrote. I'm waiting for your opinions. I want to be your friend 1/1"
"ham","That's good. Lets thank God. Please complete the drug. Have lots of water. And have a beautiful day."
"ham","Uncle boye. I need movies oh. Guide me. Plus you know torrents are not particularly legal here. And the system is slowing down. What should i do. Have a gr8 day. Plus have you started cos i dont meet you online. How was the honey moon."
"spam","For ur chance to win £250 cash every wk TXT: PLAY to 83370. T's&C's www.music-trivia.net custcare 08715705022, 1x150p/wk."
"ham","I not busy juz dun wan 2 go so early.. Hee.."
"ham","Back in brum! Thanks for putting us up and keeping us all and happy. See you soon"
"ham","Tmr then ü brin lar... Aiya later i come n c lar... Mayb ü neva set properly ü got da help sheet wif ü..."
"ham","Do u knw dis no. &lt;#&gt; ?"
"ham","I know complain num only..bettr directly go to bsnl offc nd apply for it.."
"ham","Left dessert. U wan me 2 go suntec look 4 u?"
"ham","Onum ela pa. Normal than."
"ham","Cool, I'll text you when I'm on the way"
"ham","i cant talk to you now.i will call when i can.dont keep calling."
"ham","Eat at old airport road... But now 630 oredi... Got a lot of pple..."
"ham","sry can't talk on phone, with parents"
"spam","Final Chance! Claim ur £150 worth of discount vouchers today! Text YES to 85023 now! SavaMob, member offers mobile! T Cs SavaMob POBOX84, M263UZ. £3.00 Subs 16"
"spam","Sppok up ur mob with a Halloween collection of nokia logo&pic message plus a FREE eerie tone, txt CARD SPOOK to 8007"
"spam","Urgent! call 09066612661 from landline. Your complementary 4* Tenerife Holiday or £10,000 cash await collection SAE T&Cs PO Box 3 WA14 2PX 150ppm 18+ Sender: Hol Offer"
"ham","K.:)do it at evening da:)urgent:)"
"ham","Mm have some kanji dont eat anything heavy ok"
"ham","Aiyah e rain like quite big leh. If drizzling i can at least run home."
"ham","No drama Pls.i have had enough from you and family while i am struggling in the hot sun in a strange place.No reason why there should be an ego of not going 'IF NOT INVITED' when actually its necessity to go.wait for very serious reppurcussions."
"ham","they released another Italian one today and it has a cosign option"
"spam","WINNER! As a valued network customer you hvae been selected to receive a £900 reward! To collect call 09061701444. Valid 24 hours only. ACL03530150PM"
"ham","HCL chennai requires FRESHERS for voice process.Excellent english needed.Salary upto  &lt;#&gt; .Call Ms.Suman  &lt;#&gt;  for Telephonic interview -via Indyarocks.com"
"ham","Dai what this da.. Can i send my resume to this id."
"ham","Fwiw the reason I'm only around when it's time to smoke is that because of gas I can only afford to be around when someone tells me to be and that apparently only happens when somebody wants to light up"
"ham","Congrats kano..whr s the treat maga?"
"ham","Who u talking about?"
"spam","U have won a nokia 6230 plus a free digital camera. This is what u get when u win our FREE auction. To take part send NOKIA to 83383 now. POBOX114/14TCR/W1 16"
"ham","Yes.i'm in office da:)"
"spam","FREE entry into our £250 weekly comp just send the word WIN to 80086 NOW. 18 T&C www.txttowin.co.uk"
"ham","Say this slowly.? GOD,I LOVE YOU &amp; I NEED YOU,CLEAN MY HEART WITH YOUR BLOOD.Send this to Ten special people &amp; u c miracle tomorrow, do it,pls,pls do it..."
"ham","jay says he'll put in  &lt;#&gt;"
"ham","What's happening with you. Have you gotten a job and have you begun registration for permanent residency"
"ham","Can you pls pls send me a mail on all you know about relatives coming to deliver here? All you know about costs, risks, benefits and anything else. Thanks."
"ham","That's y we haf to combine n c how lor..."
"ham","The monthly amount is not that terrible and you will not pay anything till 6months after finishing school."
"ham","Package all your programs well"
"spam","Text82228>> Get more ringtones, logos and games from www.txt82228.com. Questions: info@txt82228.co.uk"
"ham","I'll reach in ard 20 mins ok..."
"spam","FreeMSG You have been awarded a FREE mini DIGITAL CAMERA, just reply SNAP to collect your prize! (quizclub Opt out? Stop 80122300p/wk SP:RWM Ph:08704050406)"
"ham","Fuck babe ... What happened to you ? How come you never came back?"
"spam","This message is brought to you by GMW Ltd. and is not connected to the"
"ham","Some friends want me to drive em someplace, probably take a while"
"ham","I also thk too fast... Xy suggest one not me. U dun wan it's ok. Going 2 rain leh where got gd."
"ham","And maybe some pressies"
"ham","From 5 to 2 only my work timing."
"spam","Congrats 2 mobile 3G Videophones R yours. call 09063458130 now! videochat wid ur mates, play java games, Dload polypH music, noline rentl. bx420. ip4. 5we. 150p"
"spam","Your next amazing xxx PICSFREE1 video will be sent to you enjoy! If one vid is not enough for 2day text back the keyword PICSFREE1 to get the next video."
"ham","Now thats going to ruin your thesis!"
"ham","Hey whats up? U sleeping all morning?"
"spam","U are subscribed to the best Mobile Content Service in the UK for £3 per ten days until you send STOP to 83435. Helpline 08706091795."
"spam","3 FREE TAROT TEXTS! Find out about your love life now! TRY 3 FOR FREE! Text CHANCE to 85555 16 only! After 3 Free, Msgs £1.50 each"
"ham","Goodmorning, today i am late for 1hr."
"ham","My superior telling that friday is leave for all other department except ours:)so it will be leave for you:)any way call waheed fathima hr and conform it:)"
"spam","Join the UK's horniest Dogging service and u can have sex 2nite!. Just sign up and follow the instructions. Txt ENTRY to 69888 now! Nyt.EC2A.3LP.msg@150p"
"ham","Lol I have to take it. member how I said my aunt flow didn't visit for 6 months? It's cause I developed ovarian cysts. Bc is the only way to shrink them."
"ham","Still work going on:)it is very small house."
"spam","Sunshine Quiz Wkly Q! Win a top Sony DVD player if u know which country Liverpool played in mid week? Txt ansr to 82277. £1.50 SP:Tyrone"
"ham","No i'm not gonna be able to. || too late notice. || i'll be home in a few weeks anyway. || what are the plans"
"ham","Okie... Thanx..."
"ham","""Im at arestaurant eating squid! i will be out about 10:30 wanna dosomething or is that to late?"""
"ham","""HELLO U.CALL WEN U FINISH WRK.I FANCY MEETIN UP WIV U ALL TONITE AS I NEED A BREAK FROM DABOOKS. DID 4 HRS LAST NITE+2 TODAY OF WRK!"""
"ham","R U &SAM P IN EACHOTHER. IF WE MEET WE CAN GO 2 MY HOUSE"
"ham","Awesome, text me when you're restocked"
"ham","As usual..iam fine, happy &amp; doing well..:)"
"spam","Knock Knock Txt whose there to 80082 to enter r weekly draw 4 a £250 gift voucher 4 a store of yr choice. T&Cs www.tkls.com age16 to stoptxtstop£1.50/week"
"ham","Yes. It's all innocent fun. O:-)"
"ham","2marrow only. Wed at  &lt;#&gt;  to 2 aha."
"ham","I went to ur hon lab but no one is there."
"spam","<Forwarded from 21870000>Hi - this is your Mailbox Messaging SMS alert. You have 40 matches. Please call back on 09056242159 to retrieve your messages and matches cc100p/min"
"ham","Lol! Nah wasn't too bad thanks. Its good to b home but its been quite a reality check. Hows ur day been? Did u do anything with website?"
"ham","Ok lor..."
"spam","FREE RING TONE just text ""POLYS"" to 87131. Then every week get a new tone. 0870737910216yrs only £1.50/wk."
"ham","Unni thank you dear for the recharge..Rakhesh"
"ham","No way I'm going back there!"
"spam","URGENT! Your mobile No 077xxx WON a £2,000 Bonus Caller Prize on 02/06/03! This is the 2nd attempt to reach YOU! Call 09066362206 ASAP! BOX97N7QP, 150ppm"
"ham","Sorry da thangam, very very sorry i am held up with prasad."
"ham","Thank god they are in bed!"
"spam","You are guaranteed the latest Nokia Phone, a 40GB iPod MP3 player or a £500 prize! Txt word: COLLECT to No: 83355! IBHltd LdnW15H 150p/Mtmsgrcvd18"
"ham","Hi! You just spoke to MANEESHA V. We'd like to know if you were satisfied with the experience. Reply Toll Free with Yes or No."
"ham","Sorry, I'll call later"
"ham","Em, its olowoyey@ usc.edu have a great time in argentina. Not sad about secretary, everything is a blessing"
"ham","It,,s a taxt massage....tie-pos argh ok! Lool!"
"ham","You might want to pull out more just in case and just plan on not spending it if you can, I don't have much confidence in derek and taylor's money management"
"ham","Do you like shaking your booty on the dance floor?"
"ham","Not yet chikku..wat abt u?"
"ham","Do you know when dad will be back?"
"spam","Hello darling how are you today? I would love to have a chat, why dont you tell me what you look like and what you are in to sexy?"
"spam","8007 FREE for 1st week! No1 Nokia tone 4 ur mob every week just txt NOKIA to 8007 Get txting and tell ur mates www.getzed.co.uk POBox 36504 W4 5WQ norm 150p/tone 16+"
"ham","R u meeting da ge at nite tmr?"
"ham","Why de. You looking good only:-).."
"spam","Wanna get laid 2nite? Want real Dogging locations sent direct to ur mobile? Join the UK's largest Dogging Network. Txt PARK to 69696 now! Nyt. ec2a. 3lp £1.50/msg"
"spam","we tried to contact you re your response to our offer of a new nokia fone and camcorder hit reply or call 08000930705 for delivery"
"ham","I'm sick !! I'm needy !! I want you !! *pouts* *stomps feet* Where are you ?! *pouts* *stomps feet* I want my slave !! I want him now !!"
"ham","* Am on a train back from northampton so i'm afraid not!"
"ham","Was playng 9 doors game and gt racing on phone lol"
"spam","New Tones This week include: 1)McFly-All Ab.., 2) Sara Jorge-Shock.. 3) Will Smith-Switch.. To order follow instructions on next message"
"ham","I'm on da bus going home..."
"spam","URGENT! We are trying to contact U. Todays draw shows that you have won a £800 prize GUARANTEED. Call 09050003091 from land line. Claim C52. Valid 12hrs only"
"ham","Okie"
"spam","sports fans - get the latest sports news str* 2 ur mobile 1 wk FREE PLUS a FREE TONE Txt SPORT ON to 8007 www.getzed.co.uk 0870141701216+ norm 4txt/120p"
"ham","Hey tmr meet at bugis 930 ?"
"spam","Urgent Urgent! We have 800 FREE flights to Europe to give away, call B4 10th Sept & take a friend 4 FREE. Call now to claim on 09050000555. BA128NNFWFLY150ppm"
"ham","And whenever you and i see we can still hook up too."
"ham","Nope but i'm going home now then go pump petrol lor... Like going 2 rain soon..."
"ham","Can you use foreign stamps for whatever you send them off for?"
"spam","FROM 88066 LOST £12 HELP"
"spam","FreeMsg: Fancy a flirt? Reply DATE now & join the UKs fastest growing mobile dating service. Msgs rcvd just 25p to optout txt stop to 83021. Reply DATE now!"
"spam","Great NEW Offer - DOUBLE Mins & DOUBLE Txt on best Orange tariffs AND get latest camera phones 4 FREE! Call MobileUpd8 free on 08000839402 NOW! or 2stoptxt T&Cs"
"ham","Sorry de i went to shop."
"spam","Hope you enjoyed your new content. text stop to 61610 to unsubscribe. help:08712400602450p Provided by tones2you.co.uk"
"ham","Cool. I am  &lt;#&gt;  inches long. hope you like them big!"
"ham","House-Maid is the murderer, coz the man was murdered on  &lt;#&gt; th January.. As public holiday all govt.instituitions are closed,including post office..understand?"
"spam","18 days to Euro2004 kickoff! U will be kept informed of all the latest news and results daily. Unsubscribe send GET EURO STOP to 83222."
"ham","Whatsup there. Dont u want to sleep"
"spam","Urgent Please call 09066612661 from landline. £5000 cash or a luxury 4* Canary Islands Holiday await collection. T&Cs SAE award. 20M12AQ. 150ppm. 16+ “"
"spam","Urgent! Please call 09066612661 from your landline, your complimentary 4* Lux Costa Del Sol holiday or £1000 CASH await collection. ppm 150 SAE T&Cs James 28, EH74RR"
"ham","Mm feeling sleepy. today itself i shall get that dear"
"ham","How dare you stupid. I wont tell anything to you. Hear after i wont talk to you:-."
"ham","Can you do a mag meeting this avo at some point?"
"ham","Hi Chachi tried calling u now unable to reach u .. Pl give me a missed cal once u c tiz msg  Kanagu"
"ham","Are you this much buzy"
"ham","Nothing. Can..."
"spam","I don't know u and u don't know me. Send CHAT to 86688 now and let's find each other! Only 150p/Msg rcvd. HG/Suite342/2Lands/Row/W1J6HL LDN. 18 years or over."
"ham","Tick, tick, tick ... Babe"
"ham","R ü going 4 today's meeting?"
"ham","K da:)how many page you want?"
"ham","Derp. Which is worse, a dude who always wants to party or a dude who files a complaint about the three drug abusers he lives with"
"ham","We r outside already."
"ham","What time. I‘m out until prob 3 or so"
"ham","ARR birthday today:) i wish him to get more oscar."
"spam","Married local women looking for discreet action now! 5 real matches instantly to your phone. Text MATCH to 69969 Msg cost 150p 2 stop txt stop BCMSFWC1N3XX"
"spam","Burger King - Wanna play footy at a top stadium? Get 2 Burger King before 1st Sept and go Large or Super with Coca-Cola and walk out a winner"
"spam","How come it takes so little time for a child who is afraid of the dark to become a teenager who wants to stay out all night?"
"spam","For ur chance to win a £250 cash every wk TXT: ACTION to 80608. T's&C's www.movietrivia.tv custcare 08712405022, 1x150p/wk."
"ham","Well I might not come then..."
"ham","Yeah get the unlimited"
"ham","When you are big..| God will bring success."
"spam","U’ve Bin Awarded £50 to Play 4 Instant Cash. Call 08715203028 To Claim. EVERY 9th Player Wins Min £50-£500. OptOut 08718727870"
"ham","Not from this campus. Are you in the library?"
"ham","How will I creep on you now? ;_;"
"ham","Depends on where u going lor."
"ham","And smile for me right now as you go and the world will wonder what you are smiling about and think your crazy and keep away from you ... *grins*"
"spam","FreeMsg>FAV XMAS TONES!Reply REAL"
"ham","Lil fever:) now fine:)"
"spam","December only! Had your mobile 11mths+? You are entitled to update to the latest colour camera mobile for Free! Call The Mobile Update Co FREE on 08002986906"
"ham","Enjoy the showers of possessiveness poured on u by ur loved ones, bcoz in this world of lies, it is a golden gift to be loved truly.."
"ham","Alright if you're sure, let me know when you're leaving"
"spam","Gr8 Poly tones 4 ALL mobs direct 2u rply with POLY TITLE to 8007 eg POLY BREATHE1 Titles: CRAZYIN, SLEEPINGWITH, FINEST, YMCA :getzed.co.uk POBox365O4W45WQ 300p"
"spam","INTERFLORA - It's not too late to order Interflora flowers for christmas call 0800 505060 to place your order before Midnight tomorrow."
"ham","Oh god..taken the teeth?is it paining"
"spam","ROMCAPspam Everyone around should be responding well to your presence since you are so warm and outgoing. You are bringing in a real breath of sunshine."
"ham","Then u ask darren go n pick u lor... But i oso sian tmr haf 2 meet lect..."
"spam","Congratulations - Thanks to a good friend U have WON the £2,000 Xmas prize. 2 claim is easy, just call 08712103738 NOW! Only 10p per minute. BT-national-rate"
"spam","Send a logo 2 ur lover - 2 names joined by a heart. Txt LOVE NAME1 NAME2 MOBNO eg LOVE ADAM EVE 07123456789 to 87077 Yahoo! POBox36504W45WQ TxtNO 4 no ads 150p."
"ham","Thanx 4 sending me home..."
"spam","You've won tkts to the EURO2004 CUP FINAL or £800 CASH, to collect CALL 09058099801 b4190604, POBOX 7876150ppm"
"ham","U sick still can go shopping?"
"ham","1's reach home call me."
"ham","Were trying to find a Chinese food place around here"
"ham","Easy mate, * guess the quick drink was bit ambitious."
"ham","Ok thanx..."
"ham","Tunji, how's the queen? how are you doing. This is just wishing you a great day. Abiola."
"spam","Free-message: Jamster!Get the crazy frog sound now! For poly text MAD1, for real text MAD2 to 88888. 6 crazy sounds for just 3 GBP/week! 16+only! T&C's apply"
"spam","YOUR CHANCE TO BE ON A REALITY FANTASY SHOW call now = 08707509020 Just 20p per min NTT Ltd, PO Box 1327 Croydon CR9 5WB 0870 is a national = rate call"
"ham","She's fine. Good to hear from you. How are you my dear? Happy new year oh."
"ham","Are you going to wipro interview today?"
"ham","I doubt you could handle 5 times per night in any case..."
"ham","I want to be there so i can kiss you and feel you next to me"
"spam","Adult 18 Content Your video will be with you shortly"
"ham","What I'm saying is if you haven't explicitly told nora I know someone I'm probably just not gonna bother"
"ham","He says hi and to get your ass back to south tampa (preferably at a kegger)"
"ham","House-Maid is the murderer, coz the man was murdered on  &lt;#&gt; th January.. As public holiday all govt.instituitions are closed,including post office..understand?"
"spam","YOUR CHANCE TO BE ON A REALITY FANTASY SHOW call now = 08707509020 Just 20p per min NTT Ltd, PO Box 1327 Croydon CR9 5WB 0870 is a national = rate call."
"spam","Hey Boys. Want hot XXX pics sent direct 2 ur phone? Txt PORN to 69855, 24Hrs free and then just 50p per day. To stop text STOPBCM SF WC1N3XX"
"spam","Last Chance! Claim ur £150 worth of discount vouchers today! Text SHOP to 85023 now! SavaMob, offers mobile! T Cs SavaMob POBOX84, M263UZ. £3.00 Sub. 16"
"ham","Anything lor is she coming?"
"ham","No probs hon! How u doinat the mo?"
"ham","My battery is low babe"
"spam","pdate_Now - Double mins and 1000 txts on Orange tariffs. Latest Motorola, SonyEricsson & Nokia & Bluetooth FREE! Call MobileUpd8 on 08000839402 or call2optout/!YHL"
"ham","If you r @ home then come down within 5 min"
"ham","Aight, I should be there by 8 at the latest, probably closer to 7. Are jay and tyler down or should we just do two trips?"
"spam","Ur cash-balance is currently 500 pounds - to maximize ur cash-in now send CASH to 86688 only 150p/msg. CC: 08718720201 PO BOX 114/14 TCR/W1"
"ham","Tell me pa. How is pain de."
"ham","HI DARLIN I HOPE YOU HAD A NICE NIGHT I WISH I HAD COME CANT WAIT TO SEE YOU LOVE FRAN PS I WANT DIRTY ANAL SEX AND I WANT A 10 MAN GANG BANG"
"ham","ALRITE"
"ham","Why must we sit around and wait for summer days to celebrate. Such a magical sight when the worlds dressed in white. Oooooh let there be snow."
"spam","URGENT! Your Mobile number has been awarded with a £2000 prize GUARANTEED. Call 09058094454 from land line. Claim 3030. Valid 12hrs only"
"ham","How do you guys go to see movies on your side."
"spam","Sorry! U can not unsubscribe yet. THE MOB offer package has a min term of 54 weeks> pls resubmit request after expiry. Reply THEMOB HELP 4 more info"
"ham","What time should I tell my friend to be around?"
"ham","Is xy in ur car when u picking me up?"
"ham","Thanx 4 the time weve spent 2geva, its bin mint! Ur my Baby and all I want is u!xxxx"
"ham","Are you coming to day for class."
"ham","Wat's my dear doing? Sleeping ah?"
"ham","Yup n her fren lor. I'm meeting my fren at 730."
"ham","And stop wondering ""wow is she ever going to stop tm'ing me ?!"" because I will tm you whenever I want because you are MINE ... *laughs*"
"ham","Hey i've booked the pilates and yoga lesson already... Haha"
"spam","You have 1 new message. Please call 08712400200."
"ham","Hello. No news on job, they are making me wait a fifth week! Yeah im up for some woozles and weasels... In exeter still, but be home about 3."
"spam","We currently have a message awaiting your collection. To collect your message just call 08718723815."
"ham","make that 3! 4 fucks sake?! x"
"spam","URGENT! Your mobile was awarded a £1,500 Bonus Caller Prize on 27/6/03. Our final attempt 2 contact U! Call 08714714011"
"ham","Think i might have to give it a miss. Am teaching til twelve, then have lecture at two. Damn this working thing."
"ham","I would but I'm still cozy. And exhausted from last night.nobody went to school or work. Everything is closed."
"spam","U have a secret admirer. REVEAL who thinks U R So special. Call 09065174042. To opt out Reply REVEAL STOP. 1.50 per msg recd. Cust care 07821230901"
"ham","Sir send to group mail check it."
"spam","Do you ever notice that when you're driving, anyone going slower than you is an idiot and everyone driving faster than you is a maniac?"
"ham","U should make a fb list"
"ham","Happy New Year Princess!"
"ham","Don't worry, * is easy once have ingredients!"
"spam","Xmas Offer! Latest Motorola, SonyEricsson & Nokia & FREE Bluetooth or DVD! Double Mins & 1000 Txt on Orange. Call MobileUpd8 on 08000839402 or call2optout/4QF2"
"ham","What should i eat fo lunch senor"
"ham","He said that he had a right giggle when he saw u again! You would possibly be the first person2die from NVQ, but think how much you could for!"
"spam","Reply to win £100 weekly! What professional sport does Tiger Woods play? Send STOP to 87239 to end service"
"ham","Do you still have the grinder?"
"spam","No 1 POLYPHONIC tone 4 ur mob every week! Just txt PT2 to 87575. 1st Tone FREE ! so get txtin now and tell ur friends. 150p/tone. 16 reply HL 4info"
"spam","HOT LIVE FANTASIES call now 08707509020 Just 20p per min NTT Ltd, PO Box 1327 Croydon CR9 5WB 0870 is a national rate call"
"ham","K.i did't see you.:)k:)where are you now?"
"ham","They released vday shirts and when u put it on it makes your bottom half naked instead of those white underwear."
"ham","Oh, then your phone phoned me but it disconnected"
"ham","Id onluy matters when getting on from offcampus"
"spam","This message is free. Welcome to the new & improved Sex & Dogging club! To unsubscribe from this service reply STOP. msgs@150p 18+only"
"spam","You've won tkts to the EURO2004 CUP FINAL or £800 CASH, to collect CALL 09058099801 b4190604, POBOX 7876150ppm"
"ham","Ew are you one of them?"
"spam","Loan for any purpose £500 - £75,000. Homeowners + Tenants welcome. Have you been previously refused? We can still help. Call Free 0800 1956669 or text back 'help'"
"spam","Update_Now - 12Mths Half Price Orange line rental: 400mins...Call MobileUpd8 on 08000839402 or call2optout=J5Q"
"ham","Imagine Life WITHOUT ME... see.. How fast u are searching me?Don't worry.. l'm always there To disturb U.. Goodnoon..:)"
"spam","FREE UNLIMITED HARDCORE PORN direct 2 your mobile Txt PORN to 69200 & get FREE access for 24 hrs then chrgd@50p per day txt Stop 2exit. This msg is free"
"ham","One of the joys in lifeis waking up each daywith thoughts that somewhereSomeone cares enough tosend a warm morning greeting.. -"
"ham","I thank you so much for all you do with selflessness. I love you plenty."
"ham","Jokin only lar... :-) depends on which phone my father can get lor..."
"ham",";-) ok. I feel like john lennon."
"ham","You are not bothering me but you have to trust my answers. Pls."
"ham","Wishing you and your family Merry ""X"" mas and HAPPY NEW Year in advance.."
"ham","Aight what time you want me to come up?"
"ham","Let me know how it changes in the next 6hrs. It can even be appendix but you are out of that age range. However its not impossible. So just chill and let me know in 6hrs"
"ham","Ok. Not much to do here though. H&M Friday, cant wait. Dunno wot the hell im gonna do for another 3 weeks! Become a slob- oh wait, already done that!"
"ham","Die... Now i have e toot fringe again..."
"ham","Awesome question with a cute answer: Someone asked a boy ""how is ur life?"" . . He smiled &amp; answered: . . ""She is fine!"" Gudnite"
"ham","Please leave this topic..sorry for telling that.."
"ham","Pls send me the correct name da."
"ham","What happened to our yo date?"
"spam","EASTENDERS TV Quiz. What FLOWER does DOT compare herself to? D= VIOLET E= TULIP F= LILY txt D E or F to 84025 NOW 4 chance 2 WIN £100 Cash WKENT/150P16+"
"spam","You are now unsubscribed all services. Get tons of sexy babes or hunks straight to your phone! go to http://gotbabes.co.uk. No subscriptions."
"ham","What u talking bout early morning? It's almost noon where your at!"
"spam","Hi babe its Jordan, how r u? Im home from abroad and lonely, text me back if u wanna chat xxSP visionsms.com Text stop to stopCost 150p 08712400603"
"ham","Sounds good, keep me posted"
"spam","Get a brand new mobile phone by being an agent of The Mob! Plus loads more goodies! For more info just text MAT to 87021."
"ham","Apart from the one i told you about yesterday?"
"ham","Ok lor... But buy wat?"
"ham","Don know. I did't msg him recently."
"ham","K..k:)how about your training process?"
"ham","Ok lor. I ned 2 go toa payoh 4 a while 2 return smth u wan 2 send me there or wat?"
"ham","In da car park"
"ham","I wish that I was with you. Holding you tightly. Making you see how important you are. How much you mean to me ... How much I need you ... In my life ..."
"ham","Am going to take bath ill place the key in window:-)"
"spam","LORD OF THE RINGS:RETURN OF THE KING in store NOW!REPLY LOTR by 2 June 4 Chance 2 WIN LOTR soundtrack CDs StdTxtRate. Reply STOP to end txts"
"ham","Dear, take care. I am just reaching home.love u a lot."
"ham","staff.science.nus.edu.sg/~phyhcmk/teaching/pc1323"
"ham","Ok... I din get ur msg..."
"ham","That's y i said it's bad dat all e gals know u... Wat u doing now?"
"spam","Good Luck! Draw takes place 28th Feb 06. Good Luck! For removal send STOP to 87239 customer services 08708034412"
"ham","Short But Cute : "" Be a good person , but dont try to prove"" ..... Gud mrng..."
"spam","Free entry in 2 a weekly comp for a chance to win an ipod. Txt POD to 80182 to get entry (std txt rate) T&C's apply 08452810073 for details 18+"
"ham","My uncles in Atlanta. Wish you guys a great semester."
"spam","1st wk FREE! Gr8 tones str8 2 u each wk. Txt NOKIA ON to 8007 for Classic Nokia tones or HIT ON to 8007 for Polys. Nokia/150p Poly/200p 16+"
"ham","U coming 2 pick me?"
"ham","would u fuckin believe it they didnt know i had thurs pre booked off so they re cancelled me AGAIN! that needs to b sacked"
"ham","Ok. But i finish at 6."
"spam","LookAtMe!: Thanks for your purchase of a video clip from LookAtMe!, you've been charged 35p. Think you can do better? Why not send a video in a MMSto 32323."
"ham","Wat r u doing now?"
"spam","sexy sexy cum and text me im wet and warm and ready for some porn! u up for some fun? THIS MSG IS FREE RECD MSGS 150P INC VAT 2 CANCEL TEXT STOP"
"ham","Boy; I love u Grl: Hogolo Boy: gold chain kodstini Grl: Agalla Boy: necklace madstini Grl: agalla Boy: Hogli 1 mutai eerulli kodthini! Grl: I love U kano;-)"
"ham","I.ll get there tomorrow and send it to you"
"ham","Yeah but which is worse for i"
"spam","Hard LIVE 121 chat just 60p/min. Choose your girl and connect LIVE. Call 09094646899 now! Cheap Chat UK's biggest live service. VU BCM1896WC1N3XX"
"spam","Not heard from U4 a while. Call 4 rude chat private line 01223585334 to cum. Wan 2C pics of me gettin shagged then text PIX to 8552. 2End send STOP 8552 SAM xxx"
"ham","Long time. You remember me today."
"ham","Thank u. IT BETTER WORK OUT CAUSE I WILL FEEL USED OTHERWISE"
"spam","This is the 2nd time we have tried to contact u. U have won the £1450 prize to claim just call 09053750005 b4 310303. T&Cs/stop SMS 08718725756. 140ppm"
"ham","Cheers for the card ... Is it that time of year already?"
"spam","HOT LIVE FANTASIES call now 08707509020 Just 20p per min NTT Ltd, PO Box 1327 Croydon CR9 5WB 0870..k"
"ham","Still otside le..u come 2morrow maga.."
"spam","Dear Voucher Holder, To claim this weeks offer, at you PC please go to http://www.e-tlp.co.uk/reward. Ts&Cs apply."
"ham","It vl bcum more difficult.."
"spam","UR GOING 2 BAHAMAS! CallFREEFONE 08081560665 and speak to a live operator to claim either Bahamas cruise of£2000 CASH 18+only. To opt out txt X to 07786200117"
"ham","Havent still waitin as usual... Ü come back sch oredi?"
"ham","Does cinema plus drink appeal tomo? * Is a fr thriller by director i like on at mac at 8.30."
"ham","So many people seems to be special at first sight, But only very few will remain special to you till your last sight.. Maintain them till life ends.. take cr da"
"ham","MAYBE IF YOU WOKE UP BEFORE FUCKING 3 THIS WOULDN'T BE A PROBLEM."
"ham","Happy birthday to you....dear.with lots of love.rakhesh NRI"
"spam","This is the 2nd time we have tried 2 contact u. U have won the 750 Pound prize. 2 claim is easy, call 08712101358 NOW! Only 10p per min. BT-national-rate"
"ham","X2  &lt;#&gt; . Are you going to get that"
"ham","Hi neva worry bout da truth coz the truth will lead me 2 ur heart. Its the least a unique person like u deserve. Sleep tight or morning"
"spam","UR awarded a City Break and could WIN a £200 Summer Shopping spree every WK. Txt STORE to 88039.SkilGme.TsCs087147403231Winawk!Age16+£1.50perWKsub"
"ham","Great. P diddy is my neighbor and comes for toothpaste every morning"
"ham","7 lor... Change 2 suntec... Wat time u coming?"
"ham","At home also."
"ham","This phone has the weirdest auto correct."
"ham","Babe, have you got enough money to pick up bread and milk ? And I'll give you it back when you get home ?"
"spam","URGENT! We are trying to contact U. Todays draw shows that you have won a £2000 prize GUARANTEED. Call 09066358361 from land line. Claim Y87. Valid 12hrs only"
"ham","Me too baby! I promise to treat you well! I bet you will take good care of me..."
"ham","Its like that hotel dusk game i think. You solve puzzles in a area thing"
"spam","Thanks for your ringtone order, reference number X29. Your mobile will be charged 4.50. Should your tone not arrive please call customer services 09065989180"
"ham","Sorry da thangam.it's my mistake."
"ham","Wife.how she knew the time of murder exactly"
"spam","SIX chances to win CASH! From 100 to 20,000 pounds txt> CSH11 and send to 87575. Cost 150p/day, 6days, 16+ TsandCs apply Reply HL 4 info"
"spam","Ur cash-balance is currently 500 pounds - to maximize ur cash-in now send COLLECT to 83600 only 150p/msg. CC: 08718720201 PO BOX 114/14 TCR/W1"
"ham","Guess he wants alone time. We could just show up and watch when they do.."
"ham","Yes, princess. Toledo."
"ham","Good. No swimsuit allowed :)"
"ham","Funny fact Nobody teaches volcanoes 2 erupt, tsunamis 2 arise, hurricanes 2 sway aroundn no 1 teaches hw 2 choose a wife Natural disasters just happens"
"ham","Who were those people ? Were you in a tour ? I thought you were doing that sofa thing you sent me ? Your curious sugar"
"ham","No, but you told me you were going, before you got drunk!"
"spam","Congratulations! Thanks to a good friend U have WON the £2,000 Xmas prize. 2 claim is easy, just call 08718726978 NOW! Only 10p per minute. BT-national-rate"
"ham","Yup i'm still having coffee wif my frens... My fren drove she'll give me a lift..."
"ham","O shore are you takin the bus"
"ham","I will send them to your email. Do you mind  &lt;#&gt;  times per night?"
"spam","44 7732584351, Do you want a New Nokia 3510i colour phone DeliveredTomorrow? With 300 free minutes to any mobile + 100 free texts + Free Camcorder reply or call 08000930705."
"ham","tap & spile at seven. * Is that pub on gas st off broad st by canal. Ok?"
"ham","Raviyog Peripherals bhayandar east"
"ham","K actually can you guys meet me at the sunoco on howard? It should be right on the way"
"spam","You have 1 new voicemail. Please call 08719181513."
"ham","Thanx a lot..."
"ham","Its a great day. Do have yourself a beautiful one."
"ham","What happened in interview?"
"ham","Hey tmr maybe can meet you at yck"
"spam","Someone U know has asked our dating service 2 contact you! Cant Guess who? CALL 09058097189 NOW all will be revealed. POBox 6, LS15HB 150p"
"spam","Camera - You are awarded a SiPix Digital Camera! call 09061221066 fromm landline. Delivery within 28 days"
"ham","Beautiful tomorrow never comes.. When it comes, it's already TODAY.. In the hunt of beautiful tomorrow don't waste your wonderful TODAY.. GOODMORNING:)"
"spam","Todays Voda numbers ending 5226 are selected to receive a ?350 award. If you hava a match please call 08712300220 quoting claim code 1131 standard rates app"
"spam","This message is free. Welcome to the new & improved Sex & Dogging club! To unsubscribe from this service reply STOP. msgs@150p 18 only"
"spam","RCT' THNQ Adrian for U text. Rgds Vatian"
"ham","IM GONNAMISSU SO MUCH!!I WOULD SAY IL SEND U A POSTCARD BUTTHERES ABOUTAS MUCH CHANCE OF MEREMEMBERIN ASTHERE IS OFSI NOT BREAKIN HIS CONTRACT!! LUV Yaxx"
"ham","Set a place for me in your heart and not in your mind, as the mind easily forgets but the heart will always remember. Wish you Happy Valentines Day!"
"ham","Okie ü wan meet at bishan? Cos me at bishan now. I'm not driving today."
"ham","HI DARLIN HOW WAS WORK DID U GET INTO TROUBLE? IJUST TALKED TO YOUR MUM ALL MORNING! I HAD A REALLY GOOD TIME LAST NIGHT IM GOIN OUT SOON BUT CALL ME IF U CAN"
"ham","Huh... Hyde park not in mel ah, opps, got confused... Anyway, if tt's e best choice den we juz have to take it..."
"spam","FREE MESSAGE Activate your 500 FREE Text Messages by replying to this message with the word FREE For terms & conditions, visit www.07781482378.com"
"ham","I'm freezing and craving ice. Fml"
"ham","Kay... Since we are out already"
"ham","Ok darlin i supose it was ok i just worry too much.i have to do some film stuff my mate and then have to babysit again! But you can call me there.xx"
"ham","I don wake since. I checked that stuff and saw that its true no available spaces. Pls call the embassy or send a mail to them."
"ham","Nope... Juz off from work..."
"ham","Sac will score big hundred.he is set batsman:-)"
"ham","Send me yetty's number pls."
"ham","How much it will cost approx . Per month."
"spam","You are being contacted by our dating service by someone you know! To find out who it is, call from a land line 09050000928. PoBox45W2TG150P"
"ham","K, if u bored up just come to my home.."
"ham","Like I made him throw up when we were smoking in our friend's car one time, it was awesome"
"ham","Oh is it! Which brand?"
"ham","At what time are you coming."
"ham","R u sure they'll understand that! Wine * good idea just had a slurp!"
"spam","Sorry I missed your call let's talk when you have the time. I'm on 07090201529"
"ham","Sorry i've not gone to that place. I.ll do so tomorrow. Really sorry."
"ham","Good afternon, my love. How are today? I hope your good and maybe have some interviews. I wake and miss you babe. A passionate kiss from across the sea"
"ham","Dear umma she called me now :-)"
"spam","complimentary 4 STAR Ibiza Holiday or £10,000 cash needs your URGENT collection. 09066364349 NOW from Landline not to lose out! Box434SK38WP150PPM18+"
"spam","FREE MSG:We billed your mobile number by mistake from shortcode 83332.Please call 08081263000 to have charges refunded.This call will be free from a BT landline"
"ham","So u workin overtime nigpun?"
"ham","Same as kallis dismissial in 2nd test:-)."
"spam","Please CALL 08712402972 immediately as there is an urgent message waiting for you"
"ham","Ok thanx..."
"spam","URGENT! Your Mobile number has been awarded with a £2000 Bonus Caller Prize. Call 09058095201 from land line. Valid 12hrs only"
"ham","It only does simple arithmetic not percentages."
"ham","Yeah we wouldn't leave for an hour at least, how's 4 sound?"
"spam","As a valued customer, I am pleased to advise you that following recent review of your Mob No. you are awarded with a £1500 Bonus Prize, call 09066364589"
"ham","'An Amazing Quote'' - ""Sometimes in life its difficult to decide whats wrong!! a lie that brings a smile or the truth that brings a tear...."""
"spam","Do you want a New Nokia 3510i colour phone DeliveredTomorrow? With 300 free minutes to any mobile + 100 free texts + Free Camcorder reply or call 08000930705"
"ham","No she didnt. I will search online and let you know."
"spam","LIFE has never been this much fun and great until you came in. You made it truly special for me. I won't forget you! enjoy @ one gbp/sms"
"spam","Do you want a new Video phone? 600 anytime any network mins 400 Inclusive Video calls AND downloads 5 per week Free delTOMORROW call 08002888812 or reply NOW"
"spam","As a valued customer, I am pleased to advise you that following recent review of your Mob No. you are awarded with a £1500 Bonus Prize, call 09066368470"
"spam","Welcome! Please reply with your AGE and GENDER to begin. e.g 24M"
"spam","Freemsg: 1-month unlimited free calls! Activate SmartCall Txt: CALL to No: 68866. Subscriptn3gbp/wk unlimited calls Help: 08448714184 Stop?txt stop landlineonly"
"spam","Had your mobile 10 mths? Update to latest Orange camera/video phones for FREE. Save £s with Free texts/weekend calls. Text YES for a callback orno to opt out"
"spam","Am new 2 club & dont fink we met yet Will B gr8 2 C U Please leave msg 2day wiv ur area 09099726553 reply promised CARLIE x Calls£1/minMobsmore LKPOBOX177HP51FL"
"ham","Sure but since my parents will be working on Tuesday I don't really need a cover story"
"ham","""Hi darlin did youPhone me? Im atHome if youwanna chat."""
"ham","You've always been the brainy one."
"spam","Camera - You are awarded a SiPix Digital Camera! call 09061221066 fromm landline. Delivery within 28 days."
"ham","Christmas is An occasion that is Celebrated as a Reflection of UR... Values..., Desires..., Affections...&amp; Traditions.... Have an ideal Christmas..."
"ham","""Hi darlin i cantdo anythingtomorrow as myparents aretaking me outfor a meal. when are u free? Katexxx"""
"ham","If india win or level series means this is record:)"
"ham","Then what about further plan?"
"ham","awesome, how do I deal with the gate? Charles told me last night but, uh, yeah"
"spam","Get a FREE mobile video player FREE movie. To collect text GO to 89105. Its free! Extra films can be ordered t's and c's apply. 18 yrs only"
"spam","Save money on wedding lingerie at www.bridal.petticoatdreams.co.uk Choose from a superb selection with national delivery. Brought to you by WeddingFriend"
"ham","Mon okie lor... Haha, best is cheap n gd food la, ex oso okie... Depends on whether wana eat western or chinese food... Den which u prefer..."
"ham","Sitting ard nothing to do lor. U leh busy w work?"
"ham","Its  &lt;#&gt; k here oh. Should i send home for sale."
"ham","Ya just telling abt tht incident.."
"ham","Ugh just got outta class"
"ham","Nowadays people are notixiquating the laxinorficated opportunity for bambling of entropication.... Have you ever oblisingately opted ur books for the masteriastering amplikater of fidalfication? It is very champlaxigating, i think it is atrocious.. Wotz Ur Opinion???? Junna"
"ham","Ok. I.ll do you right later."
"spam","Not heard from U4 a while. Call me now am here all night with just my knickers on. Make me beg for it like U did last time 01223585236 XX Luv Nikiyu4.net"
"ham","I am back. Bit long cos of accident on a30. Had to divert via wadebridge.I had a brilliant weekend thanks. Speak soon. Lots of love"
"spam","Bloomberg -Message center +447797706009 Why wait? Apply for your future http://careers. bloomberg.com"
"ham","My phone"
"spam","URGENT! We are trying to contact U. Todays draw shows that you have won a £800 prize GUARANTEED. Call 09050001808 from land line. Claim M95. Valid12hrs only"
"ham","yay! finally lol. i missed our cinema trip last week :-("
"ham","Heart is empty without love.. Mind is empty without wisdom.. Eyes r empty without dreams &amp; Life is empty without frnds.. So Alwys Be In Touch. Good night &amp; sweet dreams"
"ham","I think I‘m waiting for the same bus! Inform me when you get there, if you ever get there."
"ham","You getting back any time soon?"
"ham","Be sure to check your yahoo email. We sent photos yesterday"
"ham","Wherre's my boytoy ? :-("
"spam","Do you want a NEW video phone750 anytime any network mins 150 text for only five pounds per week call 08000776320 now or reply for delivery tomorrow"
"ham","Tell my  bad character which u Dnt lik in me. I'll try to change in  &lt;#&gt; . I ll add tat 2 my new year resolution. Waiting for ur reply.Be frank...good morning."
"ham","Change windows logoff sound.."
"ham","Ok."
"spam","You are being contacted by our dating service by someone you know! To find out who it is, call from a land line 09050000878. PoBox45W2TG150P"
"spam","Wan2 win a Meet+Greet with Westlife 4 U or a m8? They are currently on what tour? 1)Unbreakable, 2)Untamed, 3)Unkempt. Text 1,2 or 3 to 83049. Cost 50p +std text"
"spam","Dorothy@kiefer.com (Bank of Granite issues Strong-Buy) EXPLOSIVE PICK FOR OUR MEMBERS *****UP OVER 300% *********** Nasdaq Symbol CDGT That is a $5.00 per.."
"ham","Free any day but i finish at 6 on mon n thurs..."
"ham","life alle mone,eppolum oru pole allalo"
"ham","Nite..."
"ham","I'm serious. You are in the money base"
"ham","Well, I was about to give up cos they all said no they didn‘t do one nighters. I persevered and found one but it is very cheap so i apologise in advance. It is just somewhere to sleep isnt it?"
"ham","So you think i should actually talk to him? Not call his boss in the morning? I went to this place last year and he told me where i could go and get my car fixed cheaper. He kept telling me today how much he hoped i would come back in, how he always regretted not getting my number, etc."
"ham","No it will reach by 9 only. She telling she will be there. I dont know"
"ham","Hey... are you going to quit soon? Xuhui and i working till end of the month"
"spam","You are a £1000 winner or Guaranteed Caller Prize, this is our Final attempt to contact you! To Claim Call 09071517866 Now! 150ppmPOBox10183BhamB64XE"
"spam","Xmas & New Years Eve tickets are now on sale from the club, during the day from 10am till 8pm, and on Thurs, Fri & Sat night this week. They're selling fast!"
"ham","Prepare to be pounded every night..."
"ham","Good evening! How are you?"
"ham","We are pleased to inform that your application for Airtel Broadband is processed successfully. Your installation will happen within 3 days."
"ham","What happen dear. Why you silent. I am tensed"
"ham","If you are not coughing then its nothing"
"ham","SO IS TH GOWER MATE WHICH IS WHERE I AM!?! HOW R U MAN? ALL IS GOOD IN WALES ILL B BACK MORROW. C U THIS WK? WHO WAS THE MSG 4?  RANDOM!"
"spam","Rock yr chik. Get 100's of filthy films &XXX pics on yr phone now. rply FILTH to 69669. Saristar Ltd, E14 9YT 08701752560. 450p per 5 days. Stop2 cancel"
"ham","Single line with a big meaning::::: ""Miss anything 4 ur ""Best Life"" but, don't miss ur best life for anything... Gud nyt..."
"ham","I love you both too :-)"
"ham","Lol u still feeling sick?"
"ham","Din i tell u jus now 420"
"ham","am up to my eyes in philosophy"
"spam","From next month get upto 50% More Calls 4 Ur standard network charge 2 activate Call 9061100010 C Wire3.net 1st4Terms PoBox84 M26 3UZ Cost £1.50 min MobcudB more"
"ham","Ok lor. I'm in town now lei."
"spam","URGENT! We are trying to contact U Todays draw shows that you have won a £800 prize GUARANTEED. Call 09050000460 from land line. Claim J89. po box245c2150pm"
"spam","Text BANNEDUK to 89555 to see! cost 150p textoperator g696ga 18+ XXX"
"spam","Auction round 4. The highest bid is now £54. Next maximum bid is £71. To bid, send BIDS e. g. 10 (to bid £10) to 83383. Good luck."
"ham","Do you always celebrate NY's with your family ?"
"ham","Its ok..come to my home it vl nice to meet and v can chat.."
"spam","Collect your VALENTINE'S weekend to PARIS inc Flight & Hotel + £200 Prize guaranteed! Text: PARIS to No: 69101. www.rtf.sphosting.com"
"ham","Sent me de webadres for geting salary slip"
"spam","Customer Loyalty Offer:The NEW Nokia6650 Mobile from ONLY £10 at TXTAUCTION! Txt word: START to No: 81151 & get yours Now! 4T&Ctxt TC 150p/MTmsg"
"ham","Yup, leaving right now, be back soon"
"spam","You won't believe it but it's true. It's Incredible Txts! Reply G now to learn truly amazing things that will blow your mind. From O2FWD only 18p/txt"
"ham","They said ü dun haf passport or smth like dat.. Or ü juz send to my email account.."
"ham","Multiply the numbers independently and count decimal points then, for the division, push the decimal places like i showed you."
"ham","Have a lovely night and when you wake up to see this message, i hope you smile knowing all is as should be. Have a great morning"
"ham","You are right. Meanwhile how's project twins comin up"
"spam","Hi 07734396839 IBH Customer Loyalty Offer: The NEW NOKIA6600 Mobile from ONLY £10 at TXTAUCTION!Txt word:START to No:81151 & get Yours Now!4T&"
"spam","I am hot n horny and willing I live local to you - text a reply to hear strt back from me 150p per msg Netcollex LtdHelpDesk: 02085076972 reply Stop to end"
"ham","Our ride equally uneventful - not too many of those pesky cyclists around at that time of night ;)."
"ham","How much would it cost to hire a hitman"
"spam","Do you want a New Nokia 3510i Colour Phone Delivered Tomorrow? With 200 FREE minutes to any mobile + 100 FREE text + FREE camcorder Reply or Call 08000930705"
"spam","Congratulations YOU'VE Won. You're a Winner in our August £1000 Prize Draw. Call 09066660100 NOW. Prize Code 2309."
"ham","I know you mood off today"
"ham","I'm not sure, I was just checking out what was happening around the area"
"ham","That means you got an A in epi, she.s fine. She.s here now."
"ham","Joy's father is John. Then John is the ____ of Joy's father. If u ans ths you hav  &lt;#&gt;  IQ. Tis s IAS question try to answer."
"ham","Call me. I m unable to cal. Lets meet bhaskar, and deep"
"ham","No. I.ll meet you in the library"
"ham","K, my roommate also wants a dubsack and another friend may also want some so plan on bringing extra, I'll tell you when they know for sure"
"ham","Depends on individual lor e hair dresser say pretty but my parents say look gong. U kaypoh.. I also dunno wat she collecting."
"spam","8007 25p 4 Alfie Moon's Children in Need song on ur mob. Tell ur m8s. Txt TONE CHARITY to 8007 for nokias or POLY CHARITY for polys :zed 08701417012 profit 2 charity"
"ham","Damn, poor zac doesn't stand a chance"
"ham","No message..no responce..what happend?"
"ham","Still chance there. If you search hard you will get it..let have a try :)"
"ham","Should I head straight there or what"
"spam","Get the official ENGLAND poly ringtone or colour flag on yer mobile for tonights game! Text TONE or FLAG to 84199. Optout txt ENG STOP Box39822 W111WX £1.50"
"ham","Oooh I got plenty of those!"
"ham","Hui xin is in da lib."
"spam","Customer service announcement. We recently tried to make a delivery to you but were unable to do so, please call 07090298926 to re-schedule. Ref:9307622"
"ham","He's really into skateboarding now despite the fact that he gets thrown off of it and winds up with bandages and shit all over his arms every five minutes"
"spam","You can stop further club tones by replying ""STOP MIX"" See my-tone.com/enjoy. html for terms. Club tones cost GBP4.50/week. MFL, PO Box 1146 MK45 2WT (2/3)"
"spam","wamma get laid?want real doggin locations sent direct to your mobile? join the UKs largest dogging network. txt dogs to 69696 now!nyt. ec2a. 3lp £1.50/msg."
"ham","Probably not, still going over some stuff here"
"ham","Why i come in between you people"
"ham","Senthil group company Apnt 5pm."
"ham","Frnd s not juz a word.....not merely a relationship.....its a silent promise which says ... "" I will be with YOU "" Wherevr.. Whenevr.. Forevr... Gudnyt dear.."
"ham","Huh? 6 also cannot? Then only how many mistakes?"
"ham","Honey ? Sweetheart ? Darling ? Sexy buns ? Sugar plum ? Loverboy ? I miss you, boytoy ... *smacks your ass* Did you go to the gym too ?"
"ham","Ok thanx... Take care then..."
"spam","You have won a Nokia 7250i. This is what you get when you win our FREE auction. To take part send Nokia to 86021 now. HG/Suite342/2Lands Row/W1JHL 16+"
"spam","Promotion Number: 8714714 - UR awarded a City Break and could WIN a £200 Summer Shopping spree every WK. Txt STORE to 88039 . SkilGme. TsCs087147403231Winawk!Age16 £1.50perWKsub"
"ham","LOL what happens in Vegas stays in vegas"
"ham","You still coming tonight?"
"ham","What happen dear tell me"
"ham","Sir, i am waiting for your call, once free please call me."
"ham","I am in tirupur.  call you da."
"spam","You are a winner you have been specially selected to receive £1000 cash or a £2000 award. Speak to a live operator to claim call 087147123779am-7pm. Cost 10p"
"ham","S:)but he had some luck.2 catches put down:)"
"ham","How i noe... Did ü specify da domain as nusstu... Ü still in sch..."
"ham","Oh...i asked for fun. Haha...take care. ü"
"ham","Shall i get my pouch?"
"ham","Hey loverboy! I love you !! I had to tell ... I look at your picture and ache to feel you between my legs ... Fuck I want you ... I need you ... I crave you ."
"ham","How is my boy? No sweet words left for me this morning ... *sighs* ... How goes you day, my love ? Did you start your studying?"
"spam","Free Top ringtone -sub to weekly ringtone-get 1st week free-send SUBPOLY to 81618-?3 per week-stop sms-08718727870"
"ham","Sorry pa, i dont knw who ru pa?"
"ham","Oh, i will get paid. The most outstanding one is for a commercial i did for Hasbro...in AUGUST! They made us jump through so many hoops to get paid. Still not."
"ham","I am late,so call you tomorrow morning.take care sweet dreams....u and me...ummifying...bye."
"spam","Thanks for your ringtone order, reference number X49. Your mobile will be charged 4.50. Should your tone not arrive please call customer services 09065989182. From: [colour=red]text[/colour]TXTstar"
"ham","Yeah why not, is the gang all ready"
"ham","I'm in a movie... Collect car oredi..."
"spam","Hi there, 2nights ur lucky night! Uve been invited 2 XCHAT, the Uks wildest chat! Txt CHAT to 86688 now! 150p/MsgrcvdHG/Suite342/2Lands/Row/W1J6HL LDN 18yrs"
"ham","I'm at home. Please call"
"ham","Gud mrng dear hav a nice day"
"ham","4 tacos + 1 rajas burrito, right?"
"ham","Hows the street where the end of library walk is?"
"ham","Plz note: if anyone calling from a mobile Co. &amp; asks u to type # &lt;#&gt;  or # &lt;#&gt; . Do not do so. Disconnect the call,coz it iz an attempt of 'terrorist' to make use of the sim card no. Itz confirmd by nokia n motorola n has been verified by CNN IBN."
"ham","No da. . Vijay going to talk in jaya tv"
"spam","2/2 146tf150p"
"ham","I'm not. She lip synced with shangela."
"ham","Ü neva tell me how i noe... I'm not at home in da aft wat..."
"spam","Dear Voucher Holder 2 claim your 1st class airport lounge passes when using Your holiday voucher call 08704439680. When booking quote 1st class x 2"
"ham","Why are u up so early?"
"ham","Ya that one is slow as poo"
"spam","Bloomberg -Message center +447797706009 Why wait? Apply for your future http://careers. bloomberg.com"
"ham","""Im on gloucesterroad what are uup to later?"""
"spam","YES! The only place in town to meet exciting adult singles is now in the UK. Txt CHAT to 86688 now! 150p/Msg."
"ham","Lol no ouch but wish i'd stayed out a bit longer"
"ham","We'll join the  &lt;#&gt;  bus"
"spam","FREE for 1st week! No1 Nokia tone 4 ur mob every week just txt NOKIA to 8007 Get txting and tell ur mates www.getzed.co.uk POBox 36504 W45WQ norm150p/tone 16+"
"spam","Someone U know has asked our dating service 2 contact you! Cant guess who? CALL 09058095107 NOW all will be revealed. POBox 7, S3XY 150p"
"ham","Where are you call me."
"ham","Was gr8 to see that message. So when r u leaving? Congrats dear. What school and wat r ur plans."
"ham","Love it! The girls at the office may wonder why you are smiling but sore..."
"ham","Ok lor. Msg me b4 u call."
"spam","Mila, age23, blonde, new in UK. I look sex with UK guys. if u like fun with me. Text MTALK to 69866.18 . 30pp/txt 1st 5free. £1.50 increments. Help08718728876"
"spam","Claim a 200 shopping spree, just call 08717895698 now! Have you won! MobStoreQuiz10ppm"
"ham","How r ü going to send it to me?"
"spam","Want to funk up ur fone with a weekly new tone reply TONES2U 2 this text. www.ringtones.co.uk, the original n best. Tones 3GBP network operator rates apply"
"spam","Twinks, bears, scallies, skins and jocks are calling now. Don't miss the weekend's fun. Call 08712466669 at 10p/min. 2 stop texts call 08712460324(nat rate)"
"ham","For The First Time In The History 'Need' 'Comfort' And 'Luxury' Are Sold At Same Price In India..!! Onion-Rs. &lt;#&gt;  Petrol-Rs. &lt;#&gt;  Beer-Rs. &lt;#&gt;  SHESIL  &lt;#&gt;"
"ham","Feb  &lt;#&gt;  is ""I LOVE U"" day. Send dis to all ur ""VALUED FRNDS"" evn me. If 3 comes back u'll gt married d person u luv! If u ignore dis u will lose ur luv 4 Evr"
"spam","We tried to contact you re your reply to our offer of a Video Handset? 750 anytime any networks mins? UNLIMITED TEXT? Camcorder? Reply or call 08000930705 NOW"
"ham","It's ok, at least armand's still around"
"ham","Yup song bro. No creative. Neva test quality. He said check review online."
"ham","Dude while were makin those weirdy brownies my sister made awesome cookies. I took pics."
"spam","URGENT! We are trying to contact you. Last weekends draw shows that you have won a £900 prize GUARANTEED. Call 09061701851. Claim code K61. Valid 12hours only"
"ham","Pls dont restrict her from eating anythin she likes for the next two days."
"ham","Can. Dunno wat to get 4 her..."
"ham","Not yet chikku..k, then wat abt tht guy did he stopped irritating or msging to u.."
"ham","How long does it take to get it."
"spam","74355 XMAS iscoming & ur awarded either £500 CD gift vouchers & free entry 2 r £100 weekly draw txt MUSIC to 87066 TnC"
"ham","I miss you so much I'm so desparate I have recorded the message you left for me the other day and listen to it just to hear the sound of your voice. I love you"
"ham","Goodmorning,my grandfather expired..so am on leave today."
"spam","Congratulations U can claim 2 VIP row A Tickets 2 C Blu in concert in November or Blu gift guaranteed Call 09061104276 to claim TS&Cs www.smsco.net cost£3.75max"
"ham","I agree. So i can stop thinkin about ipad. Can you please ask macho the same question."
"ham","Let's pool our money together and buy a bunch of lotto tickets. If we win I get &lt;#&gt; % u get &lt;#&gt; %. Deal?"
"ham","Watching tv lor. Nice one then i like lor."
"ham","HEY MATE! HOWS U HONEY?DID U AVE GOOD HOLIDAY? GIMMI DE GOSS!x"
"ham","Howz pain.it will come down today.do as i said ystrday.ice and medicine."
"ham","chile, please! It's only a  &lt;DECIMAL&gt;  hour drive for me. I come down all the time and will be subletting feb-april for audition season."
"ham","Yes ammae....life takes lot of turns you can only sit and try to hold the steering..."
"ham","Yeah that's what I thought, lemme know if anything's goin on later"
"ham","Mmmm.... I cant wait to lick it!"
"ham","Pls go there today  &lt;#&gt; . I dont want any excuses"
"spam","Fantasy Football is back on your TV. Go to Sky Gamestar on Sky Active and play £250k Dream Team. Scoring starts on Saturday, so register now!SKY OPT OUT to 88088"
"spam","Free msg: Single? Find a partner in your area! 1000s of real people are waiting to chat now!Send CHAT to 62220Cncl send STOPCS 08717890890£1.50 per msg"
"ham","I'm ok. Will do my part tomorrow"
"ham","R u still working now?"
"spam","Win the newest Harry Potter and the Order of the Phoenix (Book 5) reply HARRY, answer 5 questions - chance to be the first among readers!"
"ham","Yep. I do like the pink furniture tho."
"spam","Free Msg: Ringtone!From: http://tms. widelive.com/index. wml?id=1b6a5ecef91ff9*37819&first=true18:0430-JUL-05"
"spam","Oh my god! I've found your number again! I'm so glad, text me back xafter this msgs cst std ntwk chg £1.50"
"ham","A pure hearted person can have a wonderful smile that makes even his/her enemies to feel guilty for being an enemy.. So catch the world with your smile..:) GOODMORNING &amp; HAVE A SMILEY SUNDAY..:)"
"ham","THATS ALRITE GIRL, U KNOW GAIL IS NEVA WRONG!!TAKE CARE SWEET AND DONT WORRY.C U L8TR HUN!LOVE Yaxxx"
"ham","Theoretically yeah, he could be able to come"
"ham","Oh ok wait 4 me there... My lect havent finish"
"ham","Yeah my usual guy's out of town but there're definitely people around I know"
"ham","Happy or sad , one thing about past is- ""Its no more"" GOOD MORNING :-):-)."
"ham","No. Did you multimedia message them or e-mail?"
"ham","Okie but i scared u say i fat... Then u dun wan me already..."
"ham","did u get that message"
"ham","Sorry sir, i will call you tomorrow.  senthil.hsbc"
"ham","Gumby's has a special where a  &lt;#&gt; "" cheese pizza is $2 so I know what we're doin tonight"
"spam","A link to your picture has been sent. You can also use http://alto18.co.uk/wave/wave.asp?o=44345"
"ham","Like a personal sized or what"
"spam","Double Mins & 1000 txts on Orange tariffs. Latest Motorola, SonyEricsson & Nokia with Bluetooth FREE! Call MobileUpd8 on 08000839402 or call2optout/HF8"
"spam","URGENT This is our 2nd attempt to contact U. Your £900 prize from YESTERDAY is still awaiting collection. To claim CALL NOW 09061702893. ACL03530150PM"
"ham","Have you heard from this week?"
"spam","Dear Dave this is your final notice to collect your 4* Tenerife Holiday or #5000 CASH award! Call 09061743806 from landline. TCs SAE Box326 CW25WX 150ppm"
"spam","tells u 2 call 09066358152 to claim £5000 prize. U have 2 enter all ur mobile & personal details @ the prompts. Careful!"
"spam","Your 2004 account for 07XXXXXXXXX shows 786 unredeemed points. To claim call 08719181259 Identifier code: XXXXX Expires 26.03.05"
"spam","Do you want a new video handset? 750 anytime any network mins? Half Price Line Rental? Camcorder? Reply or call 08000930705 for delivery tomorrow"
"spam","You have an important customer service announcement. Call FREEPHONE 0800 542 0825 now!"
"ham","Yeah whatever lol"
"ham","I wish! I don't think its gonna snow that much. But it will be more than those flurries we usually get that melt before they hit the ground. Eek! We haven't had snow since &lt;#&gt; before I was even born!"
"spam","FREE>Ringtone! Reply REAL or POLY eg REAL1 1. PushButton 2. DontCha 3. BabyGoodbye 4. GoldDigger 5. WeBeBurnin 1st tone FREE and 6 more when u join for £3/wk"
"ham","Oh really? perform, write a paper, go to a movie AND be home by midnight, huh?"
"ham","How? Izzit still raining?"
"ham","I havent add ü yet right.."
"ham","I thk ü gotta go home by urself. Cos i'll b going out shopping 4 my frens present."
"ham","Yeah, in fact he just asked if we needed anything like an hour ago. When and how much?"
"ham","Y ü wan to go there? C doctor?"
"spam","Free Msg: get Gnarls Barkleys ""Crazy"" ringtone TOTALLY FREE just reply GO to this message right now!"
"ham","She's borderline but yeah whatever."
"ham","I got a call from a landline number. . . I am asked to come to anna nagar . . . I will go in the afternoon"
"ham","How u doin baby girl ?? hope u are okay every time I call ure phone is off! I miss u get in touch"
"spam","Refused a loan? Secured or Unsecured? Can't get credit? Call free now 0800 195 6669 or text back 'help' & we will!"
"ham","I probably won't eat at all today. I think I'm gonna pop. How was your weekend? Did u miss me?"
"ham","Have a nice day my dear."
"ham","Your dad is back in ph?"
"spam","You have been specially selected to receive a ""3000 award! Call 08712402050 BEFORE the lines close. Cost 10ppm. 16+. T&Cs apply. AG Promo"
"spam","YOU HAVE WON! As a valued Vodafone customer our computer has picked YOU to win a £150 prize. To collect is easy. Just call 09061743386"
"ham","Did u turn on the heater? The heater was on and set to &lt;#&gt; degrees."
"ham","That's the trouble with classes that go well - you're due a dodgey one … Expecting mine tomo! See you for recovery, same time, same place"
"spam","Free video camera phones with Half Price line rental for 12 mths and 500 cross ntwk mins 100 txts. Call MobileUpd8 08001950382 or Call2OptOut/674&"
"ham","WOT U UP 2 J?"
"spam","Great NEW Offer - DOUBLE Mins & DOUBLE Txt on best Orange tariffs AND get latest camera phones 4 FREE! Call MobileUpd8 free on 08000839402 NOW! or 2stoptxt T&Cs"
"ham","CERI U REBEL! SWEET DREAMZ ME LITTLE BUDDY!! C YA 2MORO! WHO NEEDS BLOKES"
"spam","ringtoneking 84484"
"spam","Ringtone Club: Gr8 new polys direct to your mobile every week !"
"spam","(Bank of Granite issues Strong-Buy) EXPLOSIVE PICK FOR OUR MEMBERS *****UP OVER 300% *********** Nasdaq Symbol CDGT That is a $5.00 per.."
"ham","Dizzamn, aight I'll ask my suitemates when I get back"
"ham","I love to cuddle! I want to hold you in my strong arms right now..."
"ham","R u in this continent?"
"ham","We'll you pay over like  &lt;#&gt; yrs so its not too difficult"
"spam","Bored housewives! Chat n date now! 0871750.77.11! BT-national rate 10p/min only from landlines!"
"spam","We tried to call you re your reply to our sms for a video mobile 750 mins UNLIMITED TEXT free camcorder Reply or call now 08000930705 Del Thurs"
"ham","K...k...when will you give treat?"
"spam","This is the 2nd time we have tried to contact u. U have won the £400 prize. 2 claim is easy, just call 087104711148 NOW! Only 10p per minute. BT-national-rate"
"ham","He's just gonna worry for nothing. And he won't give you money its no use."
"ham","Forgot you were working today! Wanna chat, but things are ok so drop me a text when you're free / bored etc and i'll ring. Hope all is well, nose essay and all xx"
"spam","Wan2 win a Meet+Greet with Westlife 4 U or a m8? They are currently on what tour? 1)Unbreakable, 2)Untamed, 3)Unkempt. Text 1,2 or 3 to 83049. Cost 50p +std text"
"spam","Please call our customer service representative on FREEPHONE 0808 145 4742 between 9am-11pm as you have WON a guaranteed £1000 cash or £5000 prize!"
"ham","Sorry, I can't text &amp; drive coherently, see you in twenty"
"spam","You will be receiving this week's Triple Echo ringtone shortly. Enjoy it!"
"spam","U've been selected to stay in 1 of 250 top British hotels - FOR NOTHING! Holiday valued at £350! Dial 08712300220 to claim - National Rate Call. Bx526, SW73SS"
"ham","Wat time ü wan today?"
"ham","Oh ok.. Wat's ur email?"
"ham","Lol its ok I didn't remember til last nite"
"ham","Sorry vikky, i'm Watching olave mandara movie kano in trishul theatre wit my frnds.."
"ham","I'm very happy for you babe ! Woo hoo party on dude!"
"ham","I am taking you for italian food. How about a pretty dress with no panties? :)"
"spam","YOU ARE CHOSEN TO RECEIVE A £350 AWARD! Pls call claim number 09066364311 to collect your award which you are selected to receive as a valued mobile customer."
"ham","Hope you are not scared!"
"ham","I cant pick the phone right now. Pls send a message"
"ham","I'm at home n ready..."
"spam","Please call our customer service representative on FREEPHONE 0808 145 4742 between 9am-11pm as you have WON a guaranteed £1000 cash or £5000 prize!"
"ham","If You mean the website. Yes."
"spam","Win a £1000 cash prize or a prize worth £5000"
"spam","Thanks for your ringtone order, reference number X49.Your mobile will be charged 4.50. Should your tone not arrive please call customer services 09065989182"
"ham","Ok ok take care. I can understand."
"ham","When is school starting. Where will you stay. What's the weather like. And the food. Do you have a social support system like friends in the school. All these things are important."
"spam","Moby Pub Quiz.Win a £100 High Street prize if u know who the new Duchess of Cornwall will be? Txt her first name to 82277.unsub STOP £1.50 008704050406 SP"
"spam","This weeks SavaMob member offers are now accessible. Just call 08709501522 for details! SavaMob, POBOX 139, LA3 2WU. Only £1.50/week. SavaMob - offers mobile!"
"ham","Aight I've been set free, think you could text me blake's address? It occurs to me I'm not quite as sure what I'm doing as I thought I was"
"ham","Prof: you have passed in all the papers in this sem congrats . . . . Student: Enna kalaachutaarama..!! Prof:???? Gud mrng!"
"spam","You are being contacted by our Dating Service by someone you know! To find out who it is, call from your mobile or landline 09064017305 PoBox75LDNS7"
"spam","TBS/PERSOLVO. been chasing us since Sept for£38 definitely not paying now thanks to your information. We will ignore them. Kath. Manchester."
"ham","Hope youre not having too much fun without me!! see u tomorrow love jess x"
"ham","Ok i wont call or disturb any one. I know all are avoiding me. I am a burden for all"
"spam","Loans for any purpose even if you have Bad Credit! Tenants Welcome. Call NoWorriesLoans.com on 08717111821"
"spam","87077: Kick off a new season with 2wks FREE goals & news to ur mobile! Txt ur club name to 87077 eg VILLA to 87077"
"ham","Hey sathya till now we dint meet not even a single time then how can i saw the situation sathya."
"ham","Hurry home. Soup is DONE!"
"ham","Good afternoon, my love. It was good to see your words on YM and get your tm. Very smart move, my slave ... *smiles* ... I drink my coffee and await you."
"ham","Quite ok but a bit ex... U better go eat smth now else i'll feel guilty..."
"spam","Orange brings you ringtones from all time Chart Heroes, with a free hit each week! Go to Ringtones & Pics on wap. To stop receiving these tips reply STOP."
"spam","PRIVATE! Your 2003 Account Statement for 07973788240 shows 800 un-redeemed S. I. M. points. Call 08715203649 Identifier Code: 40533 Expires 31/10/04"
"ham","He needs to stop going to bed and make with the fucking dealing"
"ham","How are you, my Love ? Are you with your brother ? Time to talk english with him ? *grins* Say : Hey Muhommad, Penny says hello from across the sea"
"spam","We tried to call you re your reply to our sms for a video mobile 750 mins UNLIMITED TEXT + free camcorder Reply of call 08000930705 Now"
"ham","Hey doc pls I want to get nice t shirt for my hubby nice fiting ones my budget is  &lt;#&gt; k help pls I will load d card abi hw,keep me posted luv. 2 mj"
"ham","""Life is nothing wen v get everything"". But ""life is everything wen v miss something "". Real value of people wil be realized only in their absence.... gud mrng"
"ham","If u dun drive then how i go 2 sch."
"spam","GSOH? Good with SPAM the ladies?U could b a male gigolo? 2 join the uk's fastest growing mens club reply ONCALL. mjzgroup. 08714342399.2stop reply STOP. msg@£1.50rcvd"
"spam","U have a secret admirer who is looking 2 make contact with U-find out who they R*reveal who thinks UR so special-call on 09058094599"
"spam","HOT LIVE FANTASIES call now 08707500020 Just 20p per min NTT Ltd, PO Box 1327 Croydon CR9 5WB 0870 is a national rate call"
"ham","I want to lick your pussy now..."
"spam","URGENT! Your Mobile number has been awarded a <UKP>2000 prize GUARANTEED. Call 09061790125 from landline. Claim 3030. Valid 12hrs only 150ppm"
"ham","What you doing?how are you?"
"ham","May b approve panalam...but it should have more posts.."
"spam","SPJanuary Male Sale! Hot Gay chat now cheaper, call 08709222922. National rate from 1.5p/min cheap to 7.8p/min peak! To stop texts call 08712460324 (10p/min)"
"ham","Sorry, I'll call later"
"ham","""Its Ur luck to Love someone. Its Ur fortune to Love the one who Loves U. But, its a miracle to Love a person who can't Love anyone except U..."" Gud nyt..."
"spam","FreeMsg Today's the day if you are ready! I'm horny & live in your town. I love sex fun & games! Netcollex Ltd 08700621170150p per msg reply Stop to end"
"ham","Is it your yahoo boys that bring in the perf? Or legal."
"ham","Just got to  &lt;#&gt;"
"ham","Leave it wif me lar... Ü wan to carry meh so heavy... Is da num 98321561 familiar to ü?"
"spam","In The Simpsons Movie released in July 2007 name the band that died at the start of the film? A-Green Day, B-Blue Day, C-Red Day. (Send A, B or C)"
"spam","Please call Amanda with regard to renewing or upgrading your current T-Mobile handset free of charge. Offer ends today. Tel 0845 021 3680 subject to T's and C's"
"spam","URGENT!! Your 4* Costa Del Sol Holiday or £5000 await collection. Call 09050090044 Now toClaim. SAE, TC s, POBox334, Stockport, SK38xh, Cost£1.50/pm, Max10mins"
"spam","Want a new Video Phone? 750 anytime any network mins? Half price line rental free text for 3 months? Reply or call 08000930705 for free delivery"
"spam","Had your mobile 11 months or more? U R entitled to Update to the latest colour mobiles with camera for Free! Call The Mobile Update Co FREE on 08002986030"
"ham","How's it going? Got any exciting karaoke type activities planned? I'm debating whether to play football this eve. Feeling lazy though."
"spam","Dear Voucher Holder, To claim this weeks offer, at your PC please go to http://www.wtlp.co.uk/text. Ts&Cs apply."
"ham","Are you at work right now ?"
"spam","Congrats! Nokia 3650 video camera phone is your Call 09066382422 Calls cost 150ppm Ave call 3mins vary from mobiles 16+ Close 300603 post BCM4284 Ldn WC1N3XX"
"ham","Sorry, I'll call later"
"ham","Ok... But they said i've got wisdom teeth hidden inside n mayb need 2 remove."
"ham","How are you doing. How's the queen. Are you going for the royal wedding"
"ham","Two teams waiting for some players"
"ham","swhrt how u dey,hope ur ok, tot about u 2day.love n miss.take care."
"spam","Urgent! Please call 0906346330. Your ABTA complimentary 4* Spanish Holiday or £10,000 cash await collection SAE T&Cs BOX 47 PO19 2EZ 150ppm 18+"
"ham","Hmm ok, i'll stay for like an hour cos my eye is really sore!"
"ham","Well the general price is  &lt;#&gt; /oz, let me know if/when/how much you want"
"ham","Sorry, I'll call later"
"spam","Double mins and txts 4 6months FREE Bluetooth on Orange. Available on Sony, Nokia Motorola phones. Call MobileUpd8 on 08000839402 or call2optout/N9DX"
"spam","FREE for 1st week! No1 Nokia tone 4 ur mob every week just txt NOKIA to 8007 Get txting and tell ur mates www.getzed.co.uk POBox 36504 W45WQ norm150p/tone 16+"
"spam","Want to funk up ur fone with a weekly new tone reply TONES2U 2 this text. www.ringtones.co.uk, the original n best. Tones 3GBP network operator rates apply"
"spam","cmon babe, make me horny, *turn* me on! Txt me your fantasy now babe -) Im hot, sticky and need you now. All replies cost £1.50. 2 cancel send STOP"
"ham","C movie is juz last minute decision mah. Juz watch 2 lar but i tot ü not interested."
"ham","How are you enjoying this semester? Take care brother."
"spam","IMPORTANT INFORMATION 4 ORANGE USER 0796XXXXXX. TODAY IS UR LUCKY DAY!2 FIND OUT WHY LOG ONTO http://www.urawinner.com THERE'S A FANTASTIC PRIZEAWAITING YOU!"
"ham","Or i go home first lar ü wait 4 me lor.. I put down my stuff first.."
"ham","No da:)he is stupid da..always sending like this:)don believe any of those message.pandy is a mental:)"
"spam","Missed call alert. These numbers called but left no message. 07008009200"
"ham","Ard 530 like dat lor. We juz meet in mrt station then ü dun haf to come out."
"ham","""The world suffers a lot... Not because of the violence of bad people. But because of the silence of good people!"", Gud night...."
"ham","Buy one egg for me da..please:)"
"ham","I'm at home. Please call"
"spam","FREEMSG: Our records indicate you may be entitled to 3750 pounds for the Accident you had. To claim for free reply with YES to this msg. To opt out text STOP"
"spam","U can WIN £100 of Music Gift Vouchers every week starting NOW Txt the word DRAW to 87066 TsCs www.Idew.com SkillGame, 1Winaweek, age16. 150ppermessSubscription"
"ham","Life style garments account no please."
"spam","Show ur colours! Euro 2004 2-4-1 Offer! Get an England Flag & 3Lions tone on ur phone! Click on the following service message for info!"
"spam","Text PASS to 69669 to collect your polyphonic ringtones. Normal gprs charges apply only. Enjoy your tones"
"spam","accordingly. I repeat, just text the word ok on your mobile phone and send"
"ham","How much for an eighth?"
"ham","Send ur birthdate with month and year, I will tel u ur LIFE PARTNER'S name. and the method of calculation. Reply must."
"ham","Juz now havent woke up so a bit blur blur... Can? Dad went out liao... I cant cum now oso..."
"spam","Block Breaker now comes in deluxe format with new features and great graphics from T-Mobile. Buy for just £5 by replying GET BBDELUXE and take the challenge"
"spam","important information 4 orange user . today is your lucky day!2find out why log onto http://www.urawinner.com THERE'S A FANTASTIC SURPRISE AWAITING YOU!"
"ham","Sad story of a Man - Last week was my b'day. My Wife did'nt wish me. My Parents forgot n so did my Kids . I went to work. Even my Colleagues did not wish."
"ham","Are you plans with your family set in stone ?"
"ham","You'll never believe this but i have actually got off at taunton. Wow"
"ham","She just broke down a list of reasons why nobody's in town and I can't tell if she's being sarcastic or just faggy"
"ham","Hey so whats the plan this sat?"
"ham","Great. Hope you are using your connections from mode men also cos you can never know why old friends can lead you to today"
"spam","Natalja (25/F) is inviting you to be her friend. Reply YES-440 or NO-440 See her: www.SMS.ac/u/nat27081980 STOP? Send STOP FRND to 62468"
"ham","Ball is moving a lot.will spin in last :)so very difficult to bat:)"
"ham","Haiyoh... Maybe your hamster was jealous of million"
"ham","Can you please send me my aunty's number"
"ham","I'm glad. You are following your dreams."
"spam","URGENT. Important information for 02 user. Today is your lucky day! 2 find out why , log onto http://www.urawinner.com there is a fantastic surprise awaiting you !"
"spam","WINNER!! As a valued network customer you have been selected to receivea £900 prize reward! To claim call 09061701461. Claim code KL341. Valid 12 hours only."
"ham","Yes. I come to nyc for audiitions and am trying to relocate."
"ham","Congrats. That's great. I wanted to tell you not to tell me your score cos it might make me relax. But its motivating me so thanks for sharing"
"ham","I wud never mind if u dont miss me or if u dont need me.. But u wil really hurt me wen u need me &amp; u dont tell me......... Take care:-)"
"ham","For you information, IKEA is spelled with all caps. That is not yelling. when you thought i had left you, you were sitting on the bed among the mess when i came in. i said we were going after you got home from class. please don't try and bullshit me. It makes me want to listen to you less."
"ham","Call me when u're done..."
"ham","G.W.R"
"ham","You best watch what you say cause I get drunk as a motherfucker"
"spam","Kit Strip - you have been billed 150p. Netcollex Ltd. PO Box 1013 IG11 OJA"
"spam","HMV BONUS SPECIAL 500 pounds of genuine HMV vouchers to be won. Just answer 4 easy questions. Play Now! Send HMV to 86688 More info:www.100percent-real.com"
"spam","Please CALL 08712402578 immediately as there is an urgent message waiting for you"
"spam","thesmszone.com lets you send free anonymous and masked messages..im sending this message from there..do you see the potential for abuse???"
"spam","WELL DONE! Your 4* Costa Del Sol Holiday or £5000 await collection. Call 09050090044 Now toClaim. SAE, TCs, POBox334, Stockport, SK38xh, Cost£1.50/pm, Max10mins"
"ham","Are there TA jobs available? Let me know please cos i really need to start working"
"spam","Someone U know has asked our dating service 2 contact you! Cant Guess who? CALL 09058091854 NOW all will be revealed. PO BOX385 M6 6WU"
"ham","I wasn't well babe, i have swollen glands at my throat ... What did you end up doing ?"
"ham","I am not having her number sir"
"spam","Congrats! 2 mobile 3G Videophones R yours. call 09061744553 now! videochat wid ur mates, play java games, Dload polyH music, noline rentl. bx420. ip4. 5we. 150pm"
"ham","Y bishan lei... I tot ü say lavender?"
"ham","Yes when is the appt again?"
"ham","I want to sent  &lt;#&gt; mesages today. Thats y. Sorry if i hurts"
"ham","Ha! I wouldn't say that I just didn't read anything into way u seemed. I don't like 2 be judgemental....i save that for fridays in the pub!"
"spam","U 447801259231 have a secret admirer who is looking 2 make contact with U-find out who they R*reveal who thinks UR so special-call on 09058094597"
"ham","Hows the pain dear?y r u smiling?"
"ham","Fun fact: although you would think armand would eventually build up a tolerance or some shit considering how much he smokes, he gets fucked up in like 2 hits"
"spam","important information 4 orange user 0789xxxxxxx. today is your lucky day!2find out why log onto http://www.urawinner.com THERE'S A FANTASTIC SURPRISE AWAITING YOU!"
"spam","Our dating service has been asked 2 contact U by someone shy! CALL 09058091870 NOW all will be revealed. POBox84, M26 3UZ 150p"
"ham","Ü only send me the contents page..."
"ham","I can't right this second, gotta hit people up first"
"ham","So what about you. What do you remember"
"ham","Ujhhhhhhh computer shipped out with address to sandiago and parantella lane. Wtf. Poop."
"ham","Mm yes dear look how i am hugging you both. :-P"
"spam","Do you want a new Video handset? 750 any time any network mins? UNLIMITED TEXT? Camcorder? Reply or Call now 08000930705 for del Sat AM"
"spam","Ur balance is now £600. Next question: Complete the landmark, Big, A. Bob, B. Barry or C. Ben ?. Text A, B or C to 83738. Good luck!"
"ham","Me fine..absolutly fine"
"spam","Ur TONEXS subscription has been renewed and you have been charged £4.50. You can choose 10 more polys this month. www.clubzed.co.uk *BILLING MSG*"
"spam","If you don't, your prize will go to another customer. T&C at www.t-c.biz 18+ 150p/min Polo Ltd Suite 373 London W1J 6HL Please call back if busy"
"ham","How much is torch in 9ja."
"ham","Doing nothing, then u not having dinner w us?"
"ham","Done it but internet connection v slow and can‘t send it. Will try again later or first thing tomo."
"ham","Mathews or tait or edwards or anderson"
"spam","Do you want a New Nokia 3510i Colour Phone Delivered Tomorrow? With 200 FREE minutes to any mobile + 100 FREE text + FREE camcorder Reply or Call 8000930705"
"spam","RECPT 1/3. You have ordered a Ringtone. Your order is being processed..."
"ham","Baaaaaaaabe! Wake up ! I miss you ! I crave you! I need you!"
"ham","Only just got this message, not ignoring you. Yes, i was. Shopping that is"
"ham","Can you tell Shola to please go to college of medicine and visit the academic department, tell the academic secretary what the current situation is and ask if she can transfer there. She should ask someone to check Sagamu for the same thing and lautech. Its vital she completes her medical education in Nigeria. Its less expensive much less expensive. Unless she will be getting citizen rates in new zealand."
"ham","Juz go google n search 4 qet..."
"ham","Dun need to use dial up juz open da browser n surf..."
"spam","As one of our registered subscribers u can enter the draw 4 a 100 G.B. gift voucher by replying with ENTER. To unsubscribe text STOP"
"spam","For your chance to WIN a FREE Bluetooth Headset then simply reply back with ""ADP"""
"ham","If i said anything wrong sorry de:-)"
"ham","Update your face book status frequently :)"
"ham","Just now saw your message.it k da:)"
"ham","Hey they r not watching movie tonight so i'll prob b home early..."
"ham","2mro i am not coming to gym machan. Goodnight."
"ham","Dont think you need yellow card for uk travel. Ask someone that has gone before. If you do its just  &lt;#&gt; bucks"
"spam","Don't b floppy... b snappy & happy! Only gay chat service with photo upload call 08718730666 (10p/min). 2 stop our texts call 08712460324"
"ham","House-Maid is the murderer, coz the man was murdered on  &lt;#&gt; th January.. As public holiday all govt.instituitions are closed,including post office..understand?"
"ham","How come u got nothing to do?"
"ham","i want to grasp your pretty booty :)"
"ham","I'm going 2 orchard now laready me reaching soon. U reaching?"
"ham","Dear i am not denying your words please"
"ham","Merry christmas to u too annie!"
"ham","Please tell me you have some of that special stock you were talking about"
"spam","Urgent UR awarded a complimentary trip to EuroDisinc Trav, Aco&Entry41 Or £1000. To claim txt DIS to 87121 18+6*£1.50(moreFrmMob. ShrAcomOrSglSuplt)10, LS1 3AJ"
"ham","Awesome, be there in a minute"
"ham","Or I guess  &lt;#&gt;  min"
"ham","If you want to mapquest it or something look up ""usf dogwood drive"", that's the tiny street where the parking lot is"
"ham","Aight should I just plan to come up later tonight?"
"ham","Die... I accidentally deleted e msg i suppose 2 put in e sim archive. Haiz... I so sad..."
"spam","Welcome to UK-mobile-date this msg is FREE giving you free calling to 08719839835. Future mgs billed at 150p daily. To cancel send ""go stop"" to 89123"
"ham","Sorry I flaked last night, shit's seriously goin down with my roommate, what you up to tonight?"
"ham","""CHEERS FOR CALLIN BABE.SOZI CULDNT TALKBUT I WANNATELL U DETAILS LATER WENWECAN CHAT PROPERLY X"""
"spam","3. You have received your mobile content. Enjoy"
"spam","Want explicit SEX in 30 secs? Ring 02073162414 now! Costs 20p/min"
"ham","The new deus ex game comin early next yr"
"ham","Probably a couple hours tops"
"ham","Hope this text meets you smiling. If not then let this text give you a reason to smile. Have a beautiful day."
"spam","Latest Nokia Mobile or iPOD MP3 Player +£400 proze GUARANTEED! Reply with: WIN to 83355 now! Norcorp Ltd.£1,50/Mtmsgrcvd18+"
"spam","SMS SERVICES. for your inclusive text credits, pls goto www.comuk.net login= 3qxj9 unsubscribe with STOP, no extra charge. help 08702840625.COMUK. 220-CM2 9AE"
"ham","Nvm take ur time."
"ham","Wot is u up 2 then bitch?"
"ham","She told to hr that he want posting in chennai:)because i'm working here:)"
"spam","Mobile Club: Choose any of the top quality items for your mobile. 7cfca1a"
"ham","Not able to do anything."
"ham","Ü takin linear algebra today?"
"spam","Money i have won wining number 946 wot do i do next"
"ham","Sure, whenever you show the fuck up &gt;:("
"ham","That was random saw my old roomate on campus. He graduated"
"spam","Congrats! 2 mobile 3G Videophones R yours. call 09061744553 now! videochat wid ur mates, play java games, Dload polyH music, noline rentl. bx420. ip4. 5we. 150pm"
"ham","Just got part Nottingham - 3 hrs 63miles. Good thing i love my man so much, but only doing 40mph. Hey ho"
"spam","I want some cock! My hubby's away, I need a real man 2 satisfy me. Txt WIFE to 89938 for no strings action. (Txt STOP 2 end, txt rec £1.50ea. OTBox 731 LA1 7WS. )"
"ham","Understand. his loss is my gain :) so do you work? School?"
"ham","I wish things were different. I wonder when i will be able to show you how much i value you. Pls continue the brisk walks no drugs without askin me please and find things to laugh about. I love you dearly."
"spam","Gr8 new service - live sex video chat on your mob - see the sexiest dirtiest girls live on ur phone - 4 details text horny to 89070 to cancel send STOP to 89070"
"ham","IM LATE TELLMISS IM ON MY WAY"
"ham","Never blame a day in ur life. Good days give u happiness. Bad days give u experience. Both are essential in life! All are Gods blessings! good morning.:"
"ham","Dare i ask... Any luck with sorting out the car?"
"spam","FreeMsg Hi baby wow just got a new cam moby. Wanna C a hot pic? or Fancy a chat?Im w8in 4uTxt / rply CHAT to 82242 Hlp 08712317606 Msg150p 2rcv"
"ham","Hey mate. Spoke to the mag people. We‘re on.  the is deliver by the end of the month. Deliver on the 24th sept. Talk later."
"ham","Hope you are having a good week. Just checking in"
"ham","Haha, my friend tyler literally just asked if you could get him a dubsack"
"ham","Sun ah... Thk mayb can if dun have anythin on... Thk have to book e lesson... E pilates is at orchard mrt u noe hor..."
"ham","7 wonders in My WORLD 7th You 6th Ur style 5th Ur smile 4th Ur Personality 3rd Ur Nature 2nd Ur SMS and 1st ""Ur Lovely Friendship""... good morning dear"
"ham","PISS IS TALKING IS SOMEONE THAT REALISE U THAT POINT THIS AT IS IT.(NOW READ IT BACKWARDS)"
"ham","I'm awake oh. What's up."
"ham","Good afternoon my boytoy. How goes that walking here and there day ? Did you get that police abstract? Are you still out and about? I wake and miss you babe"
"ham","How much u trying to get?"
"ham","Come around  &lt;DECIMAL&gt; pm vikky..i'm otside nw, il come by tht time"
"ham","Honeybee Said: *I'm d Sweetest in d World* God Laughed &amp; Said: *Wait,U Havnt Met d Person Reading This Msg* MORAL: Even GOD Can Crack Jokes! GM+GN+GE+GN:)"
"spam","Wanna have a laugh? Try CHIT-CHAT on your mobile now! Logon by txting the word: CHAT and send it to No: 8883 CM PO Box 4217 London W1A 6ZF 16+ 118p/msg rcvd"
"ham","""CHA QUITEAMUZING THATSCOOL BABE,PROBPOP IN & CU SATTHEN HUNNY 4BREKKIE! LOVE JEN XXX. PSXTRA LRG PORTIONS 4 ME PLEASE """
"spam","""URGENT! This is the 2nd attempt to contact U!U have WON £1000CALL 09071512432 b4 300603t&csBCM4235WC1N3XX.callcost150ppmmobilesvary. max£7. 50"""
"spam","Congratulations ur awarded 500 of CD vouchers or 125gift guaranteed & Free entry 2 100 wkly draw txt MUSIC to 87066"
"spam","Had your contract mobile 11 Mnths? Latest Motorola, Nokia etc. all FREE! Double Mins & Text on Orange tariffs. TEXT YES for callback, no to remove from records"
"spam","Urgent! call 09066350750 from your landline. Your complimentary 4* Ibiza Holiday or 10,000 cash await collection SAE T&Cs PO BOX 434 SK3 8WP 150 ppm 18+"
"ham","No plans yet. What are you doing ?"
"ham","Not course. Only maths one day one chapter with in one month we can finish."
"ham","Wow didn't think it was that common. I take it all back ur not a freak! Unless u chop it off:-)"
"spam","For ur chance to win a £250 wkly shopping spree TXT: SHOP to 80878. T's&C's www.txt-2-shop.com custcare 08715705022, 1x150p/wk"
"spam","U have a Secret Admirer who is looking 2 make contact with U-find out who they R*reveal who thinks UR so special-call on 09065171142-stopsms-08718727870150ppm"
"spam","Mila, age23, blonde, new in UK. I look sex with UK guys. if u like fun with me. Text MTALK to 69866.18 . 30pp/txt 1st 5free. £1.50 increments. Help08718728876"
"spam","Well done ENGLAND! Get the official poly ringtone or colour flag on yer mobile! text TONE or FLAG to 84199 NOW! Opt-out txt ENG STOP. Box39822 W111WX £1.50"
"ham","Yo sorry was in the shower sup"
"ham","Carlos is down but I have to pick it up from him, so I'll swing by usf in a little bit"
"ham","Full heat pa:-) i have applyed oil pa."
"ham","Hi did u decide wot 2 get 4 his bday if not ill prob jus get him a voucher frm virgin or sumfing"
"spam","FreeMsg: Txt: CALL to No: 86888 & claim your reward of 3 hours talk time to use from your phone now! Subscribe6GBP/mnth inc 3hrs 16 stop?txtStop"
"ham","THANX 4 PUTTIN DA FONE DOWN ON ME!!"
"ham","I need an 8th but I'm off campus atm, could I pick up in an hour or two?"
"ham","Y de asking like this."
"ham","Just glad to be talking to you."
"ham","Wat time ü finish?"
"ham","Sorry da. I gone mad so many pending works what to do."
"ham","How much you got for cleaning"
"spam","Sunshine Quiz! Win a super Sony DVD recorder if you canname the capital of Australia? Text MQUIZ to 82277. B"
"ham","Good. do you think you could send me some pix? I would love to see your top and bottom..."
"ham","Sorry, I'll call later In meeting."
"ham","They finally came to fix the ceiling."
"ham","U need my presnts always bcz U cant mis love. ""jeevithathile irulinae neekunna prakasamanu sneham"" prakasam ennal prabha 'That mns prabha is'LOVE' Got it. Dont mis me...."
"spam","Please call our customer service representative on 0800 169 6031 between 10am-9pm as you have WON a guaranteed £1000 cash or £5000 prize!"
"spam","Todays Voda numbers ending with 7634 are selected to receive a £350 reward. If you have a match please call 08712300220 quoting claim code 7684 standard rates apply."
"ham","Got hella gas money, want to go on a grand nature adventure with galileo in a little bit?"
"ham","Oh wow thats gay. Will firmware update help"
"ham","Captain vijaykanth is doing comedy in captain tv..he is drunken :)"
"ham","Of course. I guess god's just got me on hold right now."
"ham","Do you hide anythiing or keeping distance from me"
"spam","You are being ripped off! Get your mobile content from www.clubmoby.com call 08717509990 poly/true/Pix/Ringtones/Games six downloads for only 3"
"ham","Did u got that persons story"
"spam","We tried to contact you re your reply to our offer of a Video Phone 750 anytime any network mins Half Price Line Rental Camcorder Reply or call 08000930705"
"ham","Please protect yourself from e-threats. SIB never asks for sensitive information like Passwords,ATM/SMS PIN thru email. Never share your password with anybody."
"ham","Finally it has happened..! Aftr decades..! BEER is now cheaper than PETROL! The goverment expects us to ""DRINK"". . . But don't ""DRIVE """
"spam","A £400 XMAS REWARD IS WAITING FOR YOU! Our computer has randomly picked you from our loyal mobile customers to receive a £400 reward. Just call 09066380611"
"ham","Our Prasanth ettans mother passed away last night. Just pray for her and family."
"ham","K, I'll work something out"
"spam","PRIVATE! Your 2003 Account Statement for shows 800 un-redeemed S. I. M. points. Call 08718738002 Identifier Code: 48922 Expires 21/11/04"
"ham","This message is from a great Doctor in India:-): 1) Do not drink APPY FIZZ. It contains Cancer causing age"
"ham","Ok set let u noe e details later..."
"ham","I didnt get ur full msg..sometext is missing, send it again"
"spam","Customer service announcement. We recently tried to make a delivery to you but were unable to do so, please call 07099833605 to re-schedule. Ref:9280114"
"ham","I forgot 2 ask ü all smth.. There's a card on da present lei... How? Ü all want 2 write smth or sign on it?"
"ham","I'm leaving my house now."
"spam","Hi babe its Chloe, how r u? I was smashed on saturday night, it was great! How was your weekend? U been missing me? SP visionsms.com Text stop to stop 150p/text"
"ham","Ü ready then call me..."
"ham","Haha yeah, 2 oz is kind of a shitload"
"ham","Alright we'll bring it to you, see you in like  &lt;#&gt;  mins"
"ham","But pls dont play in others life."
"ham","Eatin my lunch..."
"ham","Surly ill give it to you:-) while coming to review."
"spam","URGENT! Your Mobile No 07808726822 was awarded a £2,000 Bonus Caller Prize on 02/09/03! This is our 2nd attempt to contact YOU! Call 0871-872-9758 BOX95QU"
"spam","WIN: We have a winner! Mr. T. Foley won an iPod! More exciting prizes soon, so keep an eye on ur mobile or visit www.win-82050.co.uk"
"ham","Mmmmmmm *snuggles into you* ...*deep contented sigh* ... *whispers* ... I fucking love you so much I can barely stand it ..."
"ham","Yar but they say got some error."
"ham","Hey anyway i have to :-)"
"ham","Oops i thk i dun haf enuff... I go check then tell ü.."
"ham","Hey. What happened? U switch off ur cell d whole day. This isnt good. Now if u do care, give me a call tomorrow."
"ham","K will do, addie &amp; I are doing some art so I'll be here when you get home"
"ham","My uncles in Atlanta. Wish you guys a great semester."
"ham","Yup. Anything lor, if u dun wan it's ok..."
"ham","I'm home, my love ... If your still awake ... *loving kiss*"
"spam","FREE GAME. Get Rayman Golf 4 FREE from the O2 Games Arcade. 1st get UR games settings. Reply POST, then save & activ8. Press 0 key for Arcade. Termsapply"
"ham","Jason says it's cool if we pick some up from his place in like an hour"
"spam","Had your mobile 10 mths? Update to the latest Camera/Video phones for FREE. KEEP UR SAME NUMBER, Get extra free mins/texts. Text YES for a call"
"ham","I (Career Tel) have added u as a contact on INDYAROCKS.COM to send FREE SMS. To remove from phonebook - sms NO to  &lt;#&gt;"
"ham","I dont know ask to my brother. Nothing problem some thing that. Just i told ."
"ham","Wat time r ü going to xin's hostel?"
"ham","Good Morning my Dear Shijutta........... Have a great &amp; successful day."
"spam","Buy Space Invaders 4 a chance 2 win orig Arcade Game console. Press 0 for Games Arcade (std WAP charge) See o2.co.uk/games 4 Terms + settings. No purchase"
"ham","Oh k:)after that placement there ah?"
"ham","Nt only for driving even for many reasons she is called BBD..thts it chikku, then hw abt dvg cold..heard tht vinobanagar violence hw is the condition..and hw ru ? Any problem?"
"ham","We have pizza if u want"
"ham","I keep seeing weird shit and bein all ""woah"" then realising it's actually reasonable and I'm all ""oh"""
"ham","Many more happy returns of the day. I wish you happy birthday."
"ham","Ya very nice. . .be ready on thursday"
"ham","""Thinking of u ;) x"""
"spam","Camera - You are awarded a SiPix Digital Camera! call 09061221066 fromm landline. Delivery within 28 days."
"ham","When you just put in the + sign, choose my number and the pin will show. Right?"
"ham","The beauty of life is in next second.. which hides thousands of secrets. I wish every second will be wonderful in ur life...!! gud n8"
"ham","If you're still up, maybe leave the credit card so I can get gas when I get back like he told me to"
"spam","Your weekly Cool-Mob tones are ready to download !This weeks new Tones include: 1) Crazy Frog-AXEL F>>> 2) Akon-Lonely>>> 3) Black Eyed-Dont P >>>More info in n"
"spam","Cashbin.co.uk (Get lots of cash this weekend!) www.cashbin.co.uk Dear Welcome to the weekend We have got our biggest and best EVER cash give away!! These.."
"spam","URGENT! Your Mobile number has been awarded with a £2000 prize GUARANTEED. Call 09061790121 from land line. Claim 3030. Valid 12hrs only 150ppm"
"spam","Thanks 4 your continued support Your question this week will enter u in2 our draw 4 £100 cash. Name the NEW US President? txt ans to 80082"
"ham","I'm home. Doc gave me pain meds says everything is fine."
"ham","Me too! Have a lovely night xxx"
"ham","if you text on your way to cup stop that should work. And that should be BUS"
"ham","Whens your radio show?"
"spam","Your unique user ID is 1172. For removal send STOP to 87239 customer services 08708034412"
"ham","So many people seems to be special at first sight, But only very few will remain special to you till your last sight.. Maintain them till life ends.. Sh!jas"
"ham","U R THE MOST BEAUTIFUL GIRL IVE EVER SEEN. U R MY BABY COME AND C ME IN THE COMMON ROOM"
"spam","Urgent -call 09066649731from Landline. Your complimentary 4* Ibiza Holiday or £10,000 cash await collection SAE T&Cs PO BOX 434 SK3 8WP 150ppm 18+"
"ham","Holy living christ what is taking you so long"
"ham","Ü thk of wat to eat tonight."
"ham","Thanx. Yup we coming back on sun. Finish dinner going back 2 hotel now. Time flies, we're tog 4 exactly a mth today. Hope we'll haf many more mths to come..."
"ham","We're on the opposite side from where we dropped you off"
"spam","URGENT This is our 2nd attempt to contact U. Your £900 prize from YESTERDAY is still awaiting collection. To claim CALL NOW 09061702893"
"spam","Santa calling! Would your little ones like a call from Santa Xmas Eve? Call 09077818151 to book you time. Calls1.50ppm last 3mins 30s T&C www.santacalling.com"
"spam","PRIVATE! Your 2004 Account Statement for 078498****7 shows 786 unredeemed Bonus Points. To claim call 08719180219 Identifier Code: 45239 Expires 06.05.05"
"ham","What's up my own oga. Left my phone at home and just saw ur messages. Hope you are good. Have a great weekend."
"ham","fyi I'm at usf now, swing by the room whenever"
"ham","Me too. Mark is taking forever to pick up my prescription and the pain is coming back."
"ham","Got smaller capacity one? Quite ex..."
"spam","Check Out Choose Your Babe Videos @ sms.shsex.netUN fgkslpoPW fgkslpo"
"spam","u r a winner U ave been specially selected 2 receive £1000 cash or a 4* holiday (flights inc) speak to a live operator 2 claim 0871277810710p/min (18 )"
"ham","Not thought bout it... || Drink in tap & spile at seven. || Is that pub on gas st off broad st by canal. || Ok?"
"ham","Po de :-):):-):-):-). No need job aha."
"spam","New Mobiles from 2004, MUST GO! Txt: NOKIA to No: 89545 & collect yours today! From ONLY £1. www.4-tc.biz 2optout 087187262701.50gbp/mtmsg18 TXTAUCTION."
"ham","All boys made fun of me today. Ok i have no problem. I just sent one message just for fun"
"ham","That's one of the issues but california is okay. No snow so its manageable"
"spam","PRIVATE! Your 2003 Account Statement for shows 800 un-redeemed S. I. M. points. Call 08715203652 Identifier Code: 42810 Expires 29/10/0"
"ham","Hmmm.... Mayb can try e shoppin area one, but forgot e name of hotel..."
"spam","YOU HAVE WON! As a valued Vodafone customer our computer has picked YOU to win a £150 prize. To collect is easy. Just call 09061743386"
"ham","either way works for me. I am  &lt;#&gt;  years old. Hope that doesnt bother you."
"ham","Maybe you should find something else to do instead???"
"ham","Also north carolina and texas atm, you would just go to the gre site and pay for the test results to be sent."
"ham","yes baby! I need to stretch open your pussy!"
"ham","Ok..."
"spam","**FREE MESSAGE**Thanks for using the Auction Subscription Service. 18 . 150p/MSGRCVD 2 Skip an Auction txt OUT. 2 Unsubscribe txt STOP CustomerCare 08718726270"
"spam","Bored housewives! Chat n date now! 0871750.77.11! BT-national rate 10p/min only from landlines!"
"ham","I'm really sorry I lit your hair on fire"
"ham","1. Tension face 2. Smiling face 3. Waste face 4. Innocent face 5.Terror face 6.Cruel face 7.Romantic face 8.Lovable face 9.decent face  &lt;#&gt; .joker face."
"ham","Well. You know what i mean. Texting"
"ham","Wat happened to the cruise thing"
"ham","I know dat feelin had it with Pete! Wuld get with em , nuther place nuther time mayb?"
"spam","lyricalladie(21/F) is inviting you to be her friend. Reply YES-910 or NO-910. See her: www.SMS.ac/u/hmmross STOP? Send STOP FRND to 62468"
"spam","No 1 POLYPHONIC tone 4 ur mob every week! Just txt PT2 to 87575. 1st Tone FREE ! so get txtin now and tell ur friends. 150p/tone. 16 reply HL 4info"
"ham","Yeah just open chat and click friend lists. Then make the list. Easy as pie"
"ham","alright tyler's got a minor crisis and has to be home sooner than he thought so be here asap"
"spam","Todays Vodafone numbers ending with 4882 are selected to a receive a £350 award. If your number matches call 09064019014 to receive your £350 award."
"ham","You have to pls make a note of all she.s exposed to. Also find out from her school if anyone else was vomiting. Is there a dog or cat in the house? Let me know later."
"ham","Japanese Proverb: If one Can do it, U too Can do it, If none Can do it,U must do it Indian version: If one Can do it, LET HIM DO it.. If none Can do it,LEAVE it!! And finally Kerala version: If one can do it, Stop him doing it.. If none can do it, Make a strike against it ..."
"ham","Miserable. They don't tell u that the side effects of birth control are massive gut wrenching cramps for the first 2 months. I didn't sleep at all last night."
"spam","Want the latest Video handset? 750 anytime any network mins? Half price line rental? Reply or call 08000930705 for delivery tomorrow"
"spam","ou are guaranteed the latest Nokia Phone, a 40GB iPod MP3 player or a £500 prize! Txt word: COLLECT to No: 83355! IBHltd LdnW15H 150p/Mtmsgrcvd18"
"spam","* FREE* POLYPHONIC RINGTONE Text SUPER to 87131 to get your FREE POLY TONE of the week now! 16 SN PoBox202 NR31 7ZS subscription 450pw"
"spam","Warner Village 83118 C Colin Farrell in SWAT this wkend @Warner Village & get 1 free med. Popcorn!Just show msg+ticket@kiosk.Valid 4-7/12. C t&c @kiosk. Reply SONY 4 mre film offers"
"ham","Will you come online today night"
"ham","Then anything special?"
"ham","I'm in solihull, | do you want anything?"
"spam","Goal! Arsenal 4 (Henry, 7 v Liverpool 2 Henry scores with a simple shot from 6 yards from a pass by Bergkamp to give Arsenal a 2 goal margin after 78 mins."
"ham","You've already got a flaky parent. It'snot supposed to be the child's job to support the parent...not until they're The Ride age anyway. I'm supposed to be there to support you. And now i've hurt you. unintentional. But hurt nonetheless."
"ham","Just dropped em off, omw back now"
"spam","This is the 2nd time we have tried 2 contact u. U have won the 750 Pound prize. 2 claim is easy, call 08712101358 NOW! Only 10p per min. BT-national-rate"
"ham","Re your call; You didn't see my facebook huh?"
"ham","Hi Dear Call me its urgnt. I don't know whats your problem. You don't want to work or if you have any other problem at least tell me. Wating for your reply."
"ham","We can go 4 e normal pilates after our intro..."
"ham","Ok... Let u noe when i leave my house."
"ham","Wanna do some art?! :D"
"spam","Got what it takes 2 take part in the WRC Rally in Oz? U can with Lucozade Energy! Text RALLY LE to 61200 (25p), see packs or lucozade.co.uk/wrc & itcould be u!"
"spam","Hi, the SEXYCHAT girls are waiting for you to text them. Text now for a great night chatting. send STOP to stop this service"
"ham","Ü go home liao? Ask dad to pick me up at 6..."
"ham","Omg you can make a wedding chapel in frontierville? Why do they get all the good stuff?"
"ham","Anyway I don't think I can secure anything up here, lemme know if you want me to drive down south and chill"
"spam","Great News! Call FREEFONE 08006344447 to claim your guaranteed £1000 CASH or £2000 gift. Speak to a live operator NOW!"
"spam","Hi this is Amy, we will be sending you a free phone number in a couple of days, which will give you an access to all the adult parties..."
"spam","Welcome to Select, an O2 service with added benefits. You can now call our specially trained advisors FREE from your mobile by dialling 402."
"ham","U coming back 4 dinner rite? Dad ask me so i re confirm wif u..."
"ham","I'm vivek:)i got call from your number."
"ham","What i mean was i left too early to check, cos i'm working a 9-6."
"ham","A bit of Ur smile is my hppnss, a drop of Ur tear is my sorrow, a part of Ur heart is my life, a heart like mine wil care for U, forevr as my GOODFRIEND"
"ham","Yup ok..."
"spam","Dear Voucher holder Have your next meal on us. Use the following link on your pc 2 enjoy a 2 4 1 dining experiencehttp://www.vouch4me.com/etlp/dining.asp"
"spam","URGENT! We are trying to contact U. Todays draw shows that you have won a £2000 prize GUARANTEED. Call 09058094507 from land line. Claim 3030. Valid 12hrs only"
"spam","You can donate £2.50 to UNICEF's Asian Tsunami disaster support fund by texting DONATE to 864233. £2.50 will be added to your next bill"
"ham","We are supposed to meet to discuss abt our trip... Thought xuhui told you? In the afternoon. Thought we can go for lesson after that"
"ham","Hey come online! Use msn... We are all there"
"ham","I'm fine. Hope you are good. Do take care."
"ham","You are gorgeous! keep those pix cumming :) thank you!"
"ham","Networking job is there."
"spam","goldviking (29/M) is inviting you to be his friend. Reply YES-762 or NO-762 See him: www.SMS.ac/u/goldviking STOP? Send STOP FRND to 62468"
"ham","That's y u haf 2 keep me busy..."
"ham","No rushing. I'm not working. I'm in school so if we rush we go hungry."
"spam","Phony £350 award - Todays Voda numbers ending XXXX are selected to receive a £350 award. If you have a match please call 08712300220 quoting claim code 3100 standard rates app"
"ham","Can you talk with me.."
"spam","CDs 4u: Congratulations ur awarded £500 of CD gift vouchers or £125 gift guaranteed & Freeentry 2 £100 wkly draw xt MUSIC to 87066 TnCs www.ldew.com1win150ppmx3age16"
"ham","ILL B DOWN SOON"
"ham","My mobile number.pls sms ur mail id.convey regards to achan,amma.Rakhesh.Qatar"
"spam","You have WON a guaranteed £1000 cash or a £2000 prize. To claim yr prize call our customer service representative on 08714712412 between 10am-7pm Cost 10p"
"ham","U attend ur driving lesson how many times a wk n which day?"
"ham","Hello boytoy ! Geeee ... I'm missing you today. I like to send you a tm and remind you I'm thinking of you ... And you are loved ... *loving kiss*"
"spam","Dear 0776xxxxxxx U've been invited to XCHAT. This is our final attempt to contact u! Txt CHAT to 86688 150p/MsgrcvdHG/Suite342/2Lands/Row/W1J6HL LDN 18yrs"
"ham",":-( sad puppy noise"
"ham","Anyway holla at me whenever you're around because I need an excuse to go creep on people in sarasota"
"spam","Ur cash-balance is currently 500 pounds - to maximize ur cash-in now send GO to 86688 only 150p/meg. CC: 08718720201 HG/Suite342/2lands Row/W1j6HL"
"spam","PRIVATE! Your 2003 Account Statement for shows 800 un-redeemed S.I.M. points. Call 08715203685 Identifier Code:4xx26 Expires 13/10/04"
"spam","I'd like to tell you my deepest darkest fantasies. Call me 09094646631 just 60p/min. To stop texts call 08712460324 (nat rate)"
"ham","Ok i vl..do u know i got adsense approved.."
"ham","I want to go to perumbavoor"
"spam","You won't believe it but it's true. It's Incredible Txts! Reply G now to learn truly amazing things that will blow your mind. From O2FWD only 18p/txt"
"ham","Thanks for being there for me just to talk to on saturday. You are very dear to me. I cherish having you as a brother and role model."
"spam","Natalie (20/F) is inviting you to be her friend. Reply YES-165 or NO-165 See her: www.SMS.ac/u/natalie2k9 STOP? Send STOP FRND to 62468"
"spam","Jamster! To get your free wallpaper text HEART to 88888 now! T&C apply. 16 only. Need Help? Call 08701213186."
"ham","Desires- u going to doctor 4 liver. And get a bit stylish. Get ur hair managed. Thats it."
"ham","With my sis lor... We juz watched italian job."
"spam","Double Mins & Double Txt & 1/2 price Linerental on Latest Orange Bluetooth mobiles. Call MobileUpd8 for the very latest offers. 08000839402 or call2optout/LF56"
"ham","Am on a train back from northampton so i'm afraid not! I'm staying skyving off today ho ho! Will be around wednesday though. Do you fancy the comedy club this week by the way?"
"ham","Goodnight da thangam I really miss u dear."
"spam","Free video camera phones with Half Price line rental for 12 mths and 500 cross ntwk mins 100 txts. Call MobileUpd8 08001950382 or Call2OptOut/674"
"ham","Havent stuck at orchard in my dad's car. Going 4 dinner now. U leh? So r they free tonight?"
"spam","83039 62735=£450 UK Break AccommodationVouchers terms & conditions apply. 2 claim you mustprovide your claim number which is 15541"
"spam","5p 4 alfie Moon's Children in need song on ur mob. Tell ur m8s. Txt Tone charity to 8007 for Nokias or Poly charity for polys: zed 08701417012 profit 2 charity."
"ham","As in different styles?"
"spam","WIN a £200 Shopping spree every WEEK Starting NOW. 2 play text STORE to 88039. SkilGme. TsCs08714740323 1Winawk! age16 £1.50perweeksub."
"ham","Gud ni8 dear..slp well..take care..swt dreams..Muah.."
"spam","This is the 2nd attempt to contract U, you have won this weeks top prize of either £1000 cash or £200 prize. Just call 09066361921"
"spam","Do you want a New Nokia 3510i colour phone DeliveredTomorrow? With 300 free minutes to any mobile + 100 free texts + Free Camcorder reply or call 08000930705."
"ham","""Keep ur problems in ur heart, b'coz nobody will fight for u. Only u &amp; u have to fight for ur self &amp; win the battle. -VIVEKANAND- G 9t.. SD.."
"ham","""HI BABE UAWAKE?FEELLIKW SHIT.JUSTFOUND OUT VIA ALETTER THATMUM GOTMARRIED 4thNOV.BEHIND OURBACKS  FUCKINNICE!SELFISH,DEVIOUSBITCH.ANYWAY,IL CALL U"""
"ham","Sorry i missed your call. Can you please call back."
"ham","Good morning, im suffering from fever and dysentry ..will not be able to come to office today."
"ham","I wont do anything de."
"ham","No no. I will check all rooms befor activities"
"ham","But i'm really really broke oh. No amount is too small even  &lt;#&gt;"
"spam","TheMob>Hit the link to get a premium Pink Panther game, the new no. 1 from Sugababes, a crazy Zebra animation or a badass Hoody wallpaper-all 4 FREE!"
"spam","This msg is for your mobile content order It has been resent as previous attempt failed due to network error Queries to customersqueries@netvision.uk.com"
"ham","A Boy loved a gal. He propsd bt she didnt mind. He gv lv lttrs, Bt her frnds threw thm. Again d boy decided 2 aproach d gal , dt time a truck was speeding towards d gal. Wn it was about 2 hit d girl,d boy ran like hell n saved her. She asked 'hw cn u run so fast?' D boy replied ""Boost is d secret of my energy"" n instantly d girl shouted ""our energy"" n Thy lived happily 2gthr drinking boost evrydy Moral of d story:- I hv free msgs:D;): gud ni8"
"ham","I REALLY NEED 2 KISS U I MISS U MY BABY FROM UR BABY 4EVA"
"spam","You have 1 new message. Please call 08715205273"
"spam","December only! Had your mobile 11mths+? You are entitled to update to the latest colour camera mobile for Free! Call The Mobile Update VCo FREE on 08002986906"
"spam","Get 3 Lions England tone, reply lionm 4 mono or lionp 4 poly. 4 more go 2 www.ringtones.co.uk, the original n best. Tones 3GBP network operator rates apply."
"ham","Lol for real. She told my dad I have cancer"
"spam","PRIVATE! Your 2003 Account Statement for 078"
"ham","Hi Chikku, send some nice msgs"
"ham","Sorry * was at the grocers."
"ham","There are some nice pubs near here or there is Frankie n Bennys near the warner cinema?"
"spam","YOU VE WON! Your 4* Costa Del Sol Holiday or £5000 await collection. Call 09050090044 Now toClaim. SAE, TC s, POBox334, Stockport, SK38xh, Cost£1.50/pm, Max10mins"
"ham","Yup... I havent been there before... You want to go for the yoga? I can call up to book"
"ham","Oh shut it. Omg yesterday I had a dream that I had 2 kids both boys. I was so pissed. Not only about the kids but them being boys. I even told mark in my dream that he was changing diapers cause I'm not getting owed in the face."
"spam","FREE for 1st week! No1 Nokia tone 4 ur mobile every week just txt NOKIA to 8077 Get txting and tell ur mates. www.getzed.co.uk POBox 36504 W45WQ 16+ norm150p/tone"
"ham","Aiyar u so poor thing... I give u my support k... Jia you! I'll think of u..."
"spam","Get your garden ready for summer with a FREE selection of summer bulbs and seeds worth £33:50 only with The Scotsman this Saturday. To stop go2 notxt.co.uk"
"ham","Idk. I'm sitting here in a stop and shop parking lot right now bawling my eyes out because i feel like i'm a failure in everything. Nobody wants me and now i feel like i'm failing you."
"ham","Like  &lt;#&gt; , same question"
"ham","Sir, I need Velusamy sir's date of birth and company bank facilities details."
"ham","Ok... Then r we meeting later?"
"spam","Congrats 2 mobile 3G Videophones R yours. call 09063458130 now! videochat wid ur mates, play java games, Dload polypH music, noline rentl. bx420. ip4. 5we. 150p"
"ham","Ü still got lessons?  Ü in sch?"
"ham","Y she dun believe leh? I tot i told her it's true already. I thk she muz c us tog then she believe."
"ham","Oh did you charge camera"
"ham","Aight, text me tonight and we'll see what's up"
"spam","SMS AUCTION - A BRAND NEW Nokia 7250 is up 4 auction today! Auction is FREE 2 join & take part! Txt NOKIA to 86021 now!"
"ham","Hi hope u r both ok, he said he would text and he hasn't, have u seen him, let me down gently please"
"ham","Babe! I fucking love you too !! You know? Fuck it was so good to hear your voice. I so need that. I crave it. I can't get enough. I adore you, Ahmad *kisses*"
"ham","I sent them. Do you like?"
"ham","I uploaded mine to Facebook"
"ham","Okie"
"spam","ree entry in 2 a weekly comp for a chance to win an ipod. Txt POD to 80182 to get entry (std txt rate) T&C's apply 08452810073 for details 18+"
"spam","Our records indicate u maybe entitled to 5000 pounds in compensation for the Accident you had. To claim 4 free reply with CLAIM to this msg. 2 stop txt STOP"
"ham","Oh oh... Den muz change plan liao... Go back have to yan jiu again..."
"ham","It's wylie, you in tampa or sarasota?"
"spam","Spook up your mob with a Halloween collection of a logo & pic message plus a free eerie tone, txt CARD SPOOK to 8007 zed 08701417012150p per logo/pic"
"ham","Ugh my leg hurts. Musta overdid it on mon."
"spam","Call Germany for only 1 pence per minute! Call from a fixed line via access number 0844 861 85 85. No prepayment. Direct access! www.telediscount.co.uk"
"spam","YOU VE WON! Your 4* Costa Del Sol Holiday or £5000 await collection. Call 09050090044 Now toClaim. SAE, TC s, POBox334, Stockport, SK38xh, Cost£1.50/pm, Max10mins"
"spam","Had your mobile 11mths ? Update for FREE to Oranges latest colour camera mobiles & unlimited weekend calls. Call Mobile Upd8 on freefone 08000839402 or 2StopTxt"
"ham","Hi.what you think about match?"
"spam","Natalja (25/F) is inviting you to be her friend. Reply YES-440 or NO-440 See her: www.SMS.ac/u/nat27081980 STOP? Send STOP FRND to 62468"
"ham","I keep ten rs in my shelf:) buy two egg."
"ham","Pls she needs to dat slowly or she will vomit more."
"ham","""OH FUCK. JUSWOKE UP IN A BED ON A BOATIN THE DOCKS. SLEPT WID 25 YEAR OLD. SPINOUT! GIV U DA GOSSIP L8R. XXX"""
"spam","PRIVATE! Your 2003 Account Statement for <fone no> shows 800 un-redeemed S. I. M. points. Call 08715203656 Identifier Code: 42049 Expires 26/10/04"
"spam","YOU ARE CHOSEN TO RECEIVE A £350 AWARD! Pls call claim number 09066364311 to collect your award which you are selected to receive as a valued mobile customer."
"ham","Hey what how about your project. Started aha da."
"ham","Your opinion about me? 1. Over 2. Jada 3. Kusruthi 4. Lovable 5. Silent 6. Spl character 7. Not matured 8. Stylish 9. Simple Pls reply.."
"spam","Someonone you know is trying to contact you via our dating service! To find out who it could be call from your mobile or landline 09064015307 BOX334SK38ch"
"ham","Hmm thinking lor..."
"ham","Thank you princess! I want to see your nice juicy booty..."
"ham","U come n search tat vid..not finishd.."
"spam","Urgent! Please call 09061213237 from a landline. £5000 cash or a 4* holiday await collection. T &Cs SAE PO Box 177 M227XY. 16+"
"ham","Gud ni8.swt drms.take care"
"ham","HI DARLIN ITS KATE ARE U UP FOR DOIN SOMETHIN TONIGHT? IM GOING TO A PUB CALLED THE SWAN OR SOMETHING WITH MY PARENTS FOR ONE DRINK SO PHONE ME IF U CAN"
"spam","If you don't, your prize will go to another customer. T&C at www.t-c.biz 18+ 150p/min Polo Ltd Suite 373 London W1J 6HL Please call back if busy"
"ham","Dunno leh cant remember mayb lor. So wat time r we meeting tmr?"
"ham","Best msg: It's hard to be with a person, when u know that one more step foward will make u fall in love.. &amp; One step back can ruin ur friendship.. good night:-) ..."
"spam","URGENT! Your Mobile number has been awarded with a £2000 prize GUARANTEED. Call 09061790126 from land line. Claim 3030. Valid 12hrs only 150ppm"
"ham","Vikky, come around  &lt;TIME&gt; .."
"ham","And how you will do that, princess? :)"
"ham","Yeah, probably here for a while"
"spam","URGENT! You have won a 1 week FREE membership in our £100,000 Prize Jackpot! Txt the word: CLAIM to No: 81010 T&C www.dbuk.net LCCLTD POBOX 4403LDNW1A7RW18"
"ham","I'm still pretty weak today .. Bad day ?"
"ham","Hey ! Don't forget ... You are MINE ... For ME ... My possession ... MY property ... MMM ... *childish smile* ..."
"ham","An excellent thought by a misundrstud frnd: I knw u hate me bt the day wen u'll knw the truth u'll hate urself:-( Gn:-)"
"ham","Xy trying smth now. U eat already? We havent..."
"spam","Urgent! Please call 09061213237 from landline. £5000 cash or a luxury 4* Canary Islands Holiday await collection. T&Cs SAE PO Box 177. M227XY. 150ppm. 16+"
"spam","XMAS iscoming & ur awarded either £500 CD gift vouchers & free entry 2 r £100 weekly draw txt MUSIC to 87066 TnC www.Ldew.com1win150ppmx3age16subscription"
"ham","Alex says he's not ok with you not being ok with it"
"ham","Are u coming to the funeral home"
"ham","I.ll hand her my phone to chat wit u"
"ham","Well good morning mr . Hows london treatin' ya treacle?"
"ham","Pls ask macho how much is budget for bb bold 2 is cos i saw a new one for  &lt;#&gt;  dollars."
"ham","Ill be at yours in about 3 mins but look out for me"
"ham","yeah, that's what I was thinking"
"ham","My sister going to earn more than me da."
"spam","Get the official ENGLAND poly ringtone or colour flag on yer mobile for tonights game! Text TONE or FLAG to 84199. Optout txt ENG STOP Box39822 W111WX £1.50"
"ham","Ok no problem... Yup i'm going to sch at 4 if i rem correctly..."
"ham","Gal n boy walking in d park. gal-can i hold ur hand? boy-y? do u think i would run away? gal-no, jst wana c how it feels walking in heaven with an prince..GN:-)"
"ham","What makes you most happy?"
"ham","Wishing you a wonderful week."
"ham","My birthday is on feb  &lt;#&gt;  da. ."
"ham","So when do you wanna gym?"
"ham","And of course you should make a stink!"
"spam","u r subscribed 2 TEXTCOMP 250 wkly comp. 1st wk?s free question follows, subsequent wks charged@150p/msg.2 unsubscribe txt STOP 2 84128,custcare 08712405020"
"ham","I'm home..."
"ham","Guai... Ü shd haf seen him when he's naughty... Ü so free today? Can go jogging..."
"ham","Aiyo cos i sms ü then ü neva reply so i wait 4 ü to reply lar. I tot ü havent finish ur lab wat."
"ham","This is ur face test ( 1 2 3 4 5 6 7 8 9  &lt;#&gt;  ) select any number i will tell ur face astrology.... am waiting. quick reply..."
"ham","Yep get with the program. You're slacking."
"spam","Call 09095350301 and send our girls into erotic ecstacy. Just 60p/min. To stop texts call 08712460324 (nat rate)"
"spam","Camera - You are awarded a SiPix Digital Camera! call 09061221066 fromm landline. Delivery within 28 days."
"spam","A £400 XMAS REWARD IS WAITING FOR YOU! Our computer has randomly picked you from our loyal mobile customers to receive a £400 reward. Just call 09066380611"
"ham","Just trying to figure out when I'm suppose to see a couple different people this week. We said we'd get together but I didn't set dates"
"spam","IMPORTANT MESSAGE. This is a final contact attempt. You have important messages waiting out our customer claims dept. Expires 13/4/04. Call 08717507382 NOW!"
"ham","Hi mom we might be back later than  &lt;#&gt;"
"spam","dating:i have had two of these. Only started after i sent a text to talk sport radio last week. Any connection do you think or coincidence?"
"spam","The current leading bid is 151. To pause this auction send OUT. Customer Care: 08718726270"
"spam","Free entry to the gr8prizes wkly comp 4 a chance to win the latest Nokia 8800, PSP or £250 cash every wk.TXT GREAT to 80878 http//www.gr8prizes.com 08715705022"
"spam","You have 1 new message. Call 0207-083-6089"
"ham","Watching ajith film ah?"
"ham","That's necessarily respectful"
"ham","HARD BUT TRUE: How much you show &amp;  express your love to someone....that much it will hurt when they leave you or you get seperated...!鈥┾??〨ud evening..."
"ham","So gd got free ice cream... I oso wan..."
"ham","... Are you in the pub?"
"ham","I'm at bruce &amp; fowler now but I'm in my mom's car so I can't park (long story)"
"ham","I dont know oh. Hopefully this month."
"ham","U horrible gal... U knew dat i was going out wif him yest n u still come n ask me..."
"ham","Otherwise had part time job na-tuition.."
"ham","Oh yeah! And my diet just flew out the window"
"spam","Santa Calling! Would your little ones like a call from Santa Xmas eve? Call 09058094583 to book your time."
"ham","You didnt complete your gist oh."
"ham","Er yeah, i will b there at 15:26, sorry! Just tell me which pub/cafe to sit in and come wen u can"
"ham","If you can make it any time tonight or whenever you can it's cool, just text me whenever you're around"
"ham","Mode men or have you left."
"ham","Am slow in using biola's fne"
"ham","""What are youdoing later? Sar xxx"""
"ham","Hey i've booked the 2 lessons on sun liao..."
"ham","By the way, make sure u get train to worc foregate street not shrub hill. Have fun night x"
"spam","You have won a guaranteed 32000 award or maybe even £1000 cash to claim ur award call free on 0800 ..... (18+). Its a legitimat efreefone number wat do u think???"
"ham","I am back. Good journey! Let me know if you need any of the receipts. Shall i tell you like the pendent?"
"spam","Latest News! Police station toilet stolen, cops have nothing to go on!"
"ham","Except theres a chick with huge boobs."
"ham","Im just wondering what your doing right now?"
"ham","Wishing you a beautiful day. Each moment revealing even more things to keep you smiling. Do enjoy it."
"spam","""For the most sparkling shopping breaks from 45 per person; call 0121 2025050 or visit www.shortbreaks.org.uk"""
"spam","December only! Had your mobile 11mths+? You are entitled to update to the latest colour camera mobile for Free! Call The Mobile Update Co FREE on 08002986906"
"spam","Txt: CALL to No: 86888 & claim your reward of 3 hours talk time to use from your phone now! Subscribe6GBP/mnth inc 3hrs 16 stop?txtStop www.gamb.tv"
"spam","http//tms. widelive.com/index. wml?id=820554ad0a1705572711&first=true¡C C Ringtone¡"
"spam","Get your garden ready for summer with a FREE selection of summer bulbs and seeds worth £33:50 only with The Scotsman this Saturday. To stop go2 notxt.co.uk"
"spam","URGENT! Last weekend's draw shows that you have won £1000 cash or a Spanish holiday! CALL NOW 09050000332 to claim. T&C: RSTM, SW7 3SS. 150ppm"
"ham","Ok lor ü reaching then message me."
"ham","Dhoni have luck to win some big title.so we will win:)"
"ham","What Today-sunday..sunday is holiday..so no work.."
"spam","URGENT We are trying to contact you Last weekends draw shows u have won a £1000 prize GUARANTEED Call 09064017295 Claim code K52 Valid 12hrs 150p pm"
"spam","2p per min to call Germany 08448350055 from your BT line. Just 2p per min. Check PlanetTalkInstant.com for info & T's & C's. Text stop to opt out"
"ham","K. I will sent it again"
"spam","Marvel Mobile Play the official Ultimate Spider-man game (£4.50) on ur mobile right now. Text SPIDER to 83338 for the game & we ll send u a FREE 8Ball wallpaper"
"ham","I think if he rule tamilnadu..then its very tough for our people."
"ham","Cool, we shall go and see, have to go to tip anyway. Are you at home, got something to drop in later? So lets go to town tonight! Maybe mum can take us in."
"ham","Good afternoon, my love ... How goes your day ? How did you sleep ? I hope your well, my boytoy ... I think of you ..."
"ham","Yes... I trust u to buy new stuff ASAP so I can try it out"
"spam","SMS SERVICES. for your inclusive text credits, pls goto www.comuk.net login= 3qxj9 unsubscribe with STOP, no extra charge. help 08702840625.COMUK. 220-CM2 9AE"
"ham","Why did I wake up on my own &gt;:("
"ham","Love has one law; Make happy the person you love. In the same way friendship has one law; Never make ur friend feel alone until you are alive.... Gud night"
"spam","PRIVATE! Your 2003 Account Statement for 07808247860 shows 800 un-redeemed S. I. M. points. Call 08719899229 Identifier Code: 40411 Expires 06/11/04"
"ham","Wait . I will msg after  &lt;#&gt;  min."
"ham","Just making dinner, you ?"
"ham","Miles and smiles r made frm same letters but do u know d difference..? smile on ur face keeps me happy even though I am miles away from u.. :-)keep smiling.. Good nyt"
"spam","You are awarded a SiPix Digital Camera! call 09061221061 from landline. Delivery within 28days. T Cs Box177. M221BP. 2yr warranty. 150ppm. 16 . p p£3.99"
"spam","PRIVATE! Your 2003 Account Statement for shows 800 un-redeemed S.I.M. points. Call 08718738001 Identifier Code: 49557 Expires 26/11/04"
"ham","Total disappointment, when I texted you was the craziest shit got :("
"ham","Compliments to you. Was away from the system. How your side."
"ham","Ok which your another number"
"spam","Want explicit SEX in 30 secs? Ring 02073162414 now! Costs 20p/min Gsex POBOX 2667 WC1N 3XX"
"spam","ASKED 3MOBILE IF 0870 CHATLINES INCLU IN FREE MINS. INDIA CUST SERVs SED YES. L8ER GOT MEGA BILL. 3 DONT GIV A SHIT. BAILIFF DUE IN DAYS. I O £250 3 WANT £800"
"ham","Yeah it's jus rite..."
"ham","Armand says get your ass over to epsilon"
"ham","U still havent got urself a jacket ah?"
"spam","Had your contract mobile 11 Mnths? Latest Motorola, Nokia etc. all FREE! Double Mins & Text on Orange tariffs. TEXT YES for callback, no to remove from records."
"ham","Cool, what time you think you can get here?"
"ham","Well keep in mind I've only got enough gas for one more round trip barring a sudden influx of cash"
"ham","Yeh. Indians was nice. Tho it did kane me off a bit he he. We shud go out 4 a drink sometime soon. Mite hav 2 go 2 da works 4 a laugh soon. Love Pete x x"
"ham","No. I meant the calculation is the same. That  &lt;#&gt; units at  &lt;#&gt; . This school is really expensive. Have you started practicing your accent. Because its important. And have you decided if you are doing 4years of dental school or if you'll just do the nmde exam."
"ham","Sorry, I'll call later"
"ham","Get me out of this dump heap. My mom decided to come to lowes. BORING."
"ham","Ard 6 like dat lor."
"spam","REMINDER FROM O2: To get 2.50 pounds free call credit and details of great offers pls reply 2 this text with your valid name, house no and postcode"
"spam","This is the 2nd time we have tried 2 contact u. U have won the £750 Pound prize. 2 claim is easy, call 087187272008 NOW1! Only 10p per minute. BT-national-rate."
"ham","The guy did some bitching but I acted like i'd be interested in buying something else next week and he gave it to us for free"
